region,country,phase,effect,jobs_per_2024_usd,earnings_usd_per_2024_usd,value_added_usd_per_2024_usd,source_data_vintages
AK,USA,construction,direct,2.8439100134225142e-06,0.3756208228585443,0.5774200047300789,BEA 2017; QCEW/BEA regional 2024; FAF 2017
AK,USA,construction,indirect,5.585496447564001e-07,0.05240004237636579,0.09228212390504684,BEA 2017; QCEW/BEA regional 2024; FAF 2017
AK,USA,construction,induced,1.3961832671836184e-06,0.09923512493172146,0.181319561800185,BEA 2017; QCEW/BEA regional 2024; FAF 2017
AK,USA,operations,direct,1.7091424879029834e-06,0.2442995069843878,0.5443428740984205,BEA 2017; QCEW/BEA regional 2024; FAF 2017
AK,USA,operations,indirect,8.455491823910889e-07,0.07607273444338628,0.13897537686440717,BEA 2017; QCEW/BEA regional 2024; FAF 2017
AK,USA,operations,induced,1.0450386863875863e-06,0.07427717194415825,0.13571710901697695,BEA 2017; QCEW/BEA regional 2024; FAF 2017
AL,USA,construction,direct,4.189119151582698e-06,0.3756208228585443,0.5774200047300789,BEA 2017; QCEW/BEA regional 2024; FAF 2017
AL,USA,construction,indirect,6.75409379908364e-07,0.06092786331267699,0.10838555053137369,BEA 2017; QCEW/BEA regional 2024; FAF 2017
AL,USA,construction,induced,1.8703233318894157e-06,0.11236305546543345,0.2090698339403881,BEA 2017; QCEW/BEA regional 2024; FAF 2017
AL,USA,operations,direct,2.0176541506489662e-06,0.2442995069843878,0.5443428740984205,BEA 2017; QCEW/BEA regional 2024; FAF 2017
AL,USA,operations,indirect,1.5054745364304556e-06,0.11279963537141657,0.19195460985478033,BEA 2017; QCEW/BEA regional 2024; FAF 2017
AL,USA,operations,induced,1.5299344125933394e-06,0.09191357575967242,0.17102023384237328,BEA 2017; QCEW/BEA regional 2024; FAF 2017
AR,USA,construction,direct,4.683783809091406e-06,0.3756208228585443,0.5774200047300789,BEA 2017; QCEW/BEA regional 2024; FAF 2017
AR,USA,construction,indirect,7.766295108963009e-07,0.06479103925885144,0.11447046128233601,BEA 2017; QCEW/BEA regional 2024; FAF 2017
AR,USA,construction,induced,2.0931730937648536e-06,0.1246437026972236,0.22106511907828535,BEA 2017; QCEW/BEA regional 2024; FAF 2017
AR,USA,operations,direct,1.7787947034375954e-06,0.2442995069843878,0.5443428740984205,BEA 2017; QCEW/BEA regional 2024; FAF 2017
AR,USA,operations,indirect,1.5681160046774704e-06,0.11213400754716676,0.18686791508827466,BEA 2017; QCEW/BEA regional 2024; FAF 2017
AR,USA,operations,induced,1.6940439313930654e-06,0.10087646777496456,0.17891211411650482,BEA 2017; QCEW/BEA regional 2024; FAF 2017
AZ,USA,construction,direct,3.9269239981204765e-06,0.3756208228585443,0.5774200047300789,BEA 2017; QCEW/BEA regional 2024; FAF 2017
AZ,USA,construction,indirect,8.315659700038126e-07,0.08136710835058163,0.14615631062722548,BEA 2017; QCEW/BEA regional 2024; FAF 2017
AZ,USA,construction,induced,2.4151669677507807e-06,0.17857718733983513,0.33777778820231597,BEA 2017; QCEW/BEA regional 2024; FAF 2017
AZ,USA,operations,direct,1.3937908303161257e-06,0.2442995069843878,0.5443428740984205,BEA 2017; QCEW/BEA regional 2024; FAF 2017
AZ,USA,operations,indirect,1.6552119293893086e-06,0.14663030143002231,0.26658474797257,BEA 2017; QCEW/BEA regional 2024; FAF 2017
AZ,USA,operations,induced,2.066051848444897e-06,0.1527636527495058,0.28895162653244616,BEA 2017; QCEW/BEA regional 2024; FAF 2017
CA,USA,construction,direct,3.485954128576943e-06,0.3756208228585443,0.5774200047300789,BEA 2017; QCEW/BEA regional 2024; FAF 2017
CA,USA,construction,indirect,6.692680013694092e-07,0.07869379510533962,0.14010314631435417,BEA 2017; QCEW/BEA regional 2024; FAF 2017
CA,USA,construction,induced,1.6689546231723992e-06,0.14419094786366585,0.28292072054554446,BEA 2017; QCEW/BEA regional 2024; FAF 2017
CA,USA,operations,direct,6.377346450952958e-07,0.2442995069843878,0.5443428740984205,BEA 2017; QCEW/BEA regional 2024; FAF 2017
CA,USA,operations,indirect,1.4230564655019989e-06,0.171915937848005,0.3140761872568219,BEA 2017; QCEW/BEA regional 2024; FAF 2017
CA,USA,operations,induced,1.528994805410378e-06,0.13209898412436938,0.2591947714161509,BEA 2017; QCEW/BEA regional 2024; FAF 2017
CO,USA,construction,direct,3.8816172040187605e-06,0.3756208228585443,0.5774200047300789,BEA 2017; QCEW/BEA regional 2024; FAF 2017
CO,USA,construction,indirect,7.705629196362544e-07,0.0840343715605264,0.14821366947765985,BEA 2017; QCEW/BEA regional 2024; FAF 2017
CO,USA,construction,induced,2.0201669185757713e-06,0.160008978290442,0.30855004860206836,BEA 2017; QCEW/BEA regional 2024; FAF 2017
CO,USA,operations,direct,1.1523193377451992e-06,0.2442995069843878,0.5443428740984205,BEA 2017; QCEW/BEA regional 2024; FAF 2017
CO,USA,operations,indirect,1.5377047173091691e-06,0.1680097068541031,0.30767385131427166,BEA 2017; QCEW/BEA regional 2024; FAF 2017
CO,USA,operations,induced,1.8120831530538774e-06,0.14352753291390868,0.2767683896833361,BEA 2017; QCEW/BEA regional 2024; FAF 2017
CT,USA,construction,direct,3.5589097750622187e-06,0.3756208228585443,0.5774200047300789,BEA 2017; QCEW/BEA regional 2024; FAF 2017
CT,USA,construction,indirect,4.38323114528596e-07,0.052525821090848794,0.09096787647321862,BEA 2017; QCEW/BEA regional 2024; FAF 2017
CT,USA,construction,induced,1.3940356634761416e-06,0.1151843750102538,0.2032196598730722,BEA 2017; QCEW/BEA regional 2024; FAF 2017
CT,USA,operations,direct,1.1055958103593369e-06,0.2442995069843878,0.5443428740984205,BEA 2017; QCEW/BEA regional 2024; FAF 2017
CT,USA,operations,indirect,1.0626260834764574e-06,0.11643126140797697,0.19145569832097176,BEA 2017; QCEW/BEA regional 2024; FAF 2017
CT,USA,operations,induced,1.1745311172205473e-06,0.09704746887880411,0.1712207373208169,BEA 2017; QCEW/BEA regional 2024; FAF 2017
DC,USA,construction,direct,3.269646429593437e-06,0.3756208228585443,0.5774200047300789,BEA 2017; QCEW/BEA regional 2024; FAF 2017
DC,USA,construction,indirect,1.5220807905117694e-07,0.025238125185673997,0.044007532041119256,BEA 2017; QCEW/BEA regional 2024; FAF 2017
DC,USA,construction,induced,5.369577557904665e-07,0.058010853370560944,0.13164886238894752,BEA 2017; QCEW/BEA regional 2024; FAF 2017
DC,USA,operations,direct,9.334539420802204e-07,0.2442995069843878,0.5443428740984205,BEA 2017; QCEW/BEA regional 2024; FAF 2017
DC,USA,operations,indirect,7.509055533951537e-07,0.11731167416524389,0.21449291036609894,BEA 2017; QCEW/BEA regional 2024; FAF 2017
DC,USA,operations,induced,4.84384667589926e-07,0.052331058865405844,0.11875923153952227,BEA 2017; QCEW/BEA regional 2024; FAF 2017
DE,USA,construction,direct,3.989236942455527e-06,0.3756208228585443,0.5774200047300789,BEA 2017; QCEW/BEA regional 2024; FAF 2017
DE,USA,construction,indirect,4.176490231032279e-07,0.04415539851578808,0.0795537942946415,BEA 2017; QCEW/BEA regional 2024; FAF 2017
DE,USA,construction,induced,1.8054906624425007e-06,0.12868335395080888,0.23782765285052596,BEA 2017; QCEW/BEA regional 2024; FAF 2017
DE,USA,operations,direct,1.3180208299838675e-06,0.2442995069843878,0.5443428740984205,BEA 2017; QCEW/BEA regional 2024; FAF 2017
DE,USA,operations,indirect,1.2093209542159881e-06,0.11098068692965586,0.1907301671793628,BEA 2017; QCEW/BEA regional 2024; FAF 2017
DE,USA,operations,induced,1.5280881574531926e-06,0.10891195026595761,0.20128690078304493,BEA 2017; QCEW/BEA regional 2024; FAF 2017
FL,USA,construction,direct,4.447335070609638e-06,0.3756208228585443,0.5774200047300789,BEA 2017; QCEW/BEA regional 2024; FAF 2017
FL,USA,construction,indirect,8.481916100409229e-07,0.0837475381432347,0.14871998357773694,BEA 2017; QCEW/BEA regional 2024; FAF 2017
FL,USA,construction,induced,2.6829582809505898e-06,0.2033702965575257,0.3833164378295083,BEA 2017; QCEW/BEA regional 2024; FAF 2017
FL,USA,operations,direct,1.349293889340673e-06,0.2442995069843878,0.5443428740984205,BEA 2017; QCEW/BEA regional 2024; FAF 2017
FL,USA,operations,indirect,1.7821214161849503e-06,0.1659238364505117,0.29710824834384986,BEA 2017; QCEW/BEA regional 2024; FAF 2017
FL,USA,operations,induced,2.3959249476993034e-06,0.181612949632054,0.34230775140251296,BEA 2017; QCEW/BEA regional 2024; FAF 2017
GA,USA,construction,direct,3.870979781359038e-06,0.3756208228585443,0.5774200047300789,BEA 2017; QCEW/BEA regional 2024; FAF 2017
GA,USA,construction,indirect,7.343011964670362e-07,0.07408241542095735,0.1325716621349051,BEA 2017; QCEW/BEA regional 2024; FAF 2017
GA,USA,construction,induced,2.4277494446188485e-06,0.1793922359349178,0.3383579698354267,BEA 2017; QCEW/BEA regional 2024; FAF 2017
GA,USA,operations,direct,1.2342216260021162e-06,0.2442995069843878,0.5443428740984205,BEA 2017; QCEW/BEA regional 2024; FAF 2017
GA,USA,operations,indirect,1.799076610110072e-06,0.17723928866849234,0.32683404109085024,BEA 2017; QCEW/BEA regional 2024; FAF 2017
GA,USA,operations,induced,2.275702040632218e-06,0.16815708816062042,0.3171669647069134,BEA 2017; QCEW/BEA regional 2024; FAF 2017
HI,USA,construction,direct,3.1723979048591027e-06,0.3756208228585443,0.5774200047300789,BEA 2017; QCEW/BEA regional 2024; FAF 2017
HI,USA,construction,indirect,5.662226635606131e-07,0.05760734832104116,0.10423666783297285,BEA 2017; QCEW/BEA regional 2024; FAF 2017
HI,USA,construction,induced,1.5597444599481559e-06,0.11520809542905118,0.2303361320187942,BEA 2017; QCEW/BEA regional 2024; FAF 2017
HI,USA,operations,direct,1.0194084696559483e-06,0.2442995069843878,0.5443428740984205,BEA 2017; QCEW/BEA regional 2024; FAF 2017
HI,USA,operations,indirect,1.0743064639911843e-06,0.09900159132038731,0.17587105025515082,BEA 2017; QCEW/BEA regional 2024; FAF 2017
HI,USA,operations,induced,1.2359814568776652e-06,0.09129384542723927,0.18252425017981358,BEA 2017; QCEW/BEA regional 2024; FAF 2017
IA,USA,construction,direct,4.139273570830006e-06,0.3756208228585443,0.5774200047300789,BEA 2017; QCEW/BEA regional 2024; FAF 2017
IA,USA,construction,indirect,5.575422892271106e-07,0.051192476532115797,0.090180496232789,BEA 2017; QCEW/BEA regional 2024; FAF 2017
IA,USA,construction,induced,1.7382331906207056e-06,0.10503956905500036,0.1847485408580369,BEA 2017; QCEW/BEA regional 2024; FAF 2017
IA,USA,operations,direct,1.5961243571260432e-06,0.2442995069843878,0.5443428740984205,BEA 2017; QCEW/BEA regional 2024; FAF 2017
IA,USA,operations,indirect,1.284651527513174e-06,0.10120366337793121,0.17509100527591448,BEA 2017; QCEW/BEA regional 2024; FAF 2017
IA,USA,operations,induced,1.4070908264711058e-06,0.08502899083464818,0.14955299349245388,BEA 2017; QCEW/BEA regional 2024; FAF 2017
ID,USA,construction,direct,4.716895927515723e-06,0.3756208228585443,0.5774200047300789,BEA 2017; QCEW/BEA regional 2024; FAF 2017
ID,USA,construction,indirect,7.443631709853538e-07,0.0658664165760086,0.11450758438576786,BEA 2017; QCEW/BEA regional 2024; FAF 2017
ID,USA,construction,induced,2.0172092319885595e-06,0.1263618838628988,0.223155146738432,BEA 2017; QCEW/BEA regional 2024; FAF 2017
ID,USA,operations,direct,1.357013982417592e-06,0.2442995069843878,0.5443428740984205,BEA 2017; QCEW/BEA regional 2024; FAF 2017
ID,USA,operations,indirect,1.461331326397269e-06,0.10791789461804527,0.17783171000026976,BEA 2017; QCEW/BEA regional 2024; FAF 2017
ID,USA,operations,induced,1.6093244169173225e-06,0.10081119094808283,0.17803261095176456,BEA 2017; QCEW/BEA regional 2024; FAF 2017
IL,USA,construction,direct,3.39276520370772e-06,0.3756208228585443,0.5774200047300789,BEA 2017; QCEW/BEA regional 2024; FAF 2017
IL,USA,construction,indirect,6.33365943603899e-07,0.0691590020799037,0.12546486206307894,BEA 2017; QCEW/BEA regional 2024; FAF 2017
IL,USA,construction,induced,2.1308065014742747e-06,0.16944214495556123,0.3194869052334132,BEA 2017; QCEW/BEA regional 2024; FAF 2017
IL,USA,operations,direct,1.073901021994391e-06,0.2442995069843878,0.5443428740984205,BEA 2017; QCEW/BEA regional 2024; FAF 2017
IL,USA,operations,indirect,1.5527526080235522e-06,0.15964243686606014,0.2882923068251661,BEA 2017; QCEW/BEA regional 2024; FAF 2017
IL,USA,operations,induced,1.9351644834470705e-06,0.15388465385769387,0.290152912292297,BEA 2017; QCEW/BEA regional 2024; FAF 2017
IN,USA,construction,direct,3.962236365341584e-06,0.3756208228585443,0.5774200047300789,BEA 2017; QCEW/BEA regional 2024; FAF 2017
IN,USA,construction,indirect,6.592190645722457e-07,0.05794334139766068,0.10107237083697061,BEA 2017; QCEW/BEA regional 2024; FAF 2017
IN,USA,construction,induced,2.128699905027947e-06,0.1361031135183846,0.24073103331502474,BEA 2017; QCEW/BEA regional 2024; FAF 2017
IN,USA,operations,direct,1.917012723996863e-06,0.2442995069843878,0.5443428740984205,BEA 2017; QCEW/BEA regional 2024; FAF 2017
IN,USA,operations,indirect,1.5003145681941952e-06,0.11165153892817481,0.18582778074693898,BEA 2017; QCEW/BEA regional 2024; FAF 2017
IN,USA,operations,induced,1.7476374204693668e-06,0.11173904488147961,0.197637328350457,BEA 2017; QCEW/BEA regional 2024; FAF 2017
KS,USA,construction,direct,4.171909641425176e-06,0.3756208228585443,0.5774200047300789,BEA 2017; QCEW/BEA regional 2024; FAF 2017
KS,USA,construction,indirect,6.529349061536974e-07,0.061690293911920664,0.10818118164738642,BEA 2017; QCEW/BEA regional 2024; FAF 2017
KS,USA,construction,induced,2.008343649658659e-06,0.12669629667057825,0.2231762074327009,BEA 2017; QCEW/BEA regional 2024; FAF 2017
KS,USA,operations,direct,1.526238012073199e-06,0.2442995069843878,0.5443428740984205,BEA 2017; QCEW/BEA regional 2024; FAF 2017
KS,USA,operations,indirect,1.5365496436522215e-06,0.1256360146880582,0.21014692236699786,BEA 2017; QCEW/BEA regional 2024; FAF 2017
KS,USA,operations,induced,1.6989224084234334e-06,0.10717646729158746,0.1887919230848837,BEA 2017; QCEW/BEA regional 2024; FAF 2017
KY,USA,construction,direct,4.1488818346577805e-06,0.3756208228585443,0.5774200047300789,BEA 2017; QCEW/BEA regional 2024; FAF 2017
KY,USA,construction,indirect,6.218118908245267e-07,0.05256810086516056,0.0935295177946192,BEA 2017; QCEW/BEA regional 2024; FAF 2017
KY,USA,construction,induced,2.0892333095009288e-06,0.13233887790309914,0.2334407860800379,BEA 2017; QCEW/BEA regional 2024; FAF 2017
KY,USA,operations,direct,2.079070571082826e-06,0.2442995069843878,0.5443428740984205,BEA 2017; QCEW/BEA regional 2024; FAF 2017
KY,USA,operations,indirect,1.4918521852601526e-06,0.11158307731696161,0.18457579440641106,BEA 2017; QCEW/BEA regional 2024; FAF 2017
KY,USA,operations,induced,1.736433868787833e-06,0.10999140627487537,0.19402068953355114,BEA 2017; QCEW/BEA regional 2024; FAF 2017
LA,USA,construction,direct,3.790241340369037e-06,0.3756208228585443,0.5774200047300789,BEA 2017; QCEW/BEA regional 2024; FAF 2017
LA,USA,construction,indirect,7.543057645145169e-07,0.0678404086706579,0.12061085848264923,BEA 2017; QCEW/BEA regional 2024; FAF 2017
LA,USA,construction,induced,2.121140400829067e-06,0.12551876202904977,0.2330615318240233,BEA 2017; QCEW/BEA regional 2024; FAF 2017
LA,USA,operations,direct,2.3900101743509315e-06,0.2442995069843878,0.5443428740984205,BEA 2017; QCEW/BEA regional 2024; FAF 2017
LA,USA,operations,indirect,1.3928270967535943e-06,0.10382173570836313,0.17747028604788792,BEA 2017; QCEW/BEA regional 2024; FAF 2017
LA,USA,operations,induced,1.6651151887981661e-06,0.0985334101655989,0.18295549715288348,BEA 2017; QCEW/BEA regional 2024; FAF 2017
MA,USA,construction,direct,3.156242510324957e-06,0.3756208228585443,0.5774200047300789,BEA 2017; QCEW/BEA regional 2024; FAF 2017
MA,USA,construction,indirect,4.6227283943915154e-07,0.059284350112061,0.1055580317188962,BEA 2017; QCEW/BEA regional 2024; FAF 2017
MA,USA,construction,induced,1.5404708975701481e-06,0.1369368241433553,0.263086517968145,BEA 2017; QCEW/BEA regional 2024; FAF 2017
MA,USA,operations,direct,9.487513981332642e-07,0.2442995069843878,0.5443428740984205,BEA 2017; QCEW/BEA regional 2024; FAF 2017
MA,USA,operations,indirect,1.1820307140398134e-06,0.15147272396902411,0.2791445694648915,BEA 2017; QCEW/BEA regional 2024; FAF 2017
MA,USA,operations,induced,1.4018587079242426e-06,0.12461519374604858,0.2394138874891126,BEA 2017; QCEW/BEA regional 2024; FAF 2017
MD,USA,construction,direct,3.6886731777898992e-06,0.3756208228585443,0.5774200047300789,BEA 2017; QCEW/BEA regional 2024; FAF 2017
MD,USA,construction,indirect,4.6470960098916043e-07,0.051203424499189576,0.09176315654885737,BEA 2017; QCEW/BEA regional 2024; FAF 2017
MD,USA,construction,induced,1.5528550162406915e-06,0.12120943585113964,0.2286830414742324,BEA 2017; QCEW/BEA regional 2024; FAF 2017
MD,USA,operations,direct,1.0356195974926648e-06,0.2442995069843878,0.5443428740984205,BEA 2017; QCEW/BEA regional 2024; FAF 2017
MD,USA,operations,indirect,1.374841715586384e-06,0.13883584205061852,0.2369656757120032,BEA 2017; QCEW/BEA regional 2024; FAF 2017
MD,USA,operations,induced,1.3939078024062904e-06,0.10880267416541634,0.20527549092163652,BEA 2017; QCEW/BEA regional 2024; FAF 2017
ME,USA,construction,direct,4.247199597939235e-06,0.3756208228585443,0.5774200047300789,BEA 2017; QCEW/BEA regional 2024; FAF 2017
ME,USA,construction,indirect,5.896317339871626e-07,0.05439009344041513,0.0941488627222153,BEA 2017; QCEW/BEA regional 2024; FAF 2017
ME,USA,construction,induced,2.0825653691040697e-06,0.142638994389737,0.24811814627831633,BEA 2017; QCEW/BEA regional 2024; FAF 2017
ME,USA,operations,direct,1.5289371419079366e-06,0.2442995069843878,0.5443428740984205,BEA 2017; QCEW/BEA regional 2024; FAF 2017
ME,USA,operations,indirect,1.2423768285797608e-06,0.10837153344632472,0.16941411543776716,BEA 2017; QCEW/BEA regional 2024; FAF 2017
ME,USA,operations,induced,1.7080043032588486e-06,0.1169845709741133,0.20349270560582114,BEA 2017; QCEW/BEA regional 2024; FAF 2017
MI,USA,construction,direct,3.747491266462145e-06,0.3756208228585443,0.5774200047300789,BEA 2017; QCEW/BEA regional 2024; FAF 2017
MI,USA,construction,indirect,6.616973153226732e-07,0.06666762578106049,0.11641950711480424,BEA 2017; QCEW/BEA regional 2024; FAF 2017
MI,USA,construction,induced,2.200895774998792e-06,0.15112332308599785,0.2771688304971535,BEA 2017; QCEW/BEA regional 2024; FAF 2017
MI,USA,operations,direct,1.5800293571167218e-06,0.2442995069843878,0.5443428740984205,BEA 2017; QCEW/BEA regional 2024; FAF 2017
MI,USA,operations,indirect,1.5548021241096277e-06,0.13699097055495693,0.24066733445165273,BEA 2017; QCEW/BEA regional 2024; FAF 2017
MI,USA,operations,induced,1.8973604299293253e-06,0.13028123208740064,0.23894324182405963,BEA 2017; QCEW/BEA regional 2024; FAF 2017
MN,USA,construction,direct,3.5048535546305474e-06,0.3756208228585443,0.5774200047300789,BEA 2017; QCEW/BEA regional 2024; FAF 2017
MN,USA,construction,indirect,7.016931295762904e-07,0.0745910745940643,0.13135629916990776,BEA 2017; QCEW/BEA regional 2024; FAF 2017
MN,USA,construction,induced,1.9459501603826435e-06,0.14334010314055984,0.25940877671460594,BEA 2017; QCEW/BEA regional 2024; FAF 2017
MN,USA,operations,direct,1.1658464191411668e-06,0.2442995069843878,0.5443428740984205,BEA 2017; QCEW/BEA regional 2024; FAF 2017
MN,USA,operations,indirect,1.3795339036447303e-06,0.13580633878170417,0.2426792203978468,BEA 2017; QCEW/BEA regional 2024; FAF 2017
MN,USA,operations,induced,1.6429308859141553e-06,0.12101948314721434,0.21901418649788557,BEA 2017; QCEW/BEA regional 2024; FAF 2017
MO,USA,construction,direct,3.91129689921956e-06,0.3756208228585443,0.5774200047300789,BEA 2017; QCEW/BEA regional 2024; FAF 2017
MO,USA,construction,indirect,7.729868281344255e-07,0.07136313170465386,0.12551514253850957,BEA 2017; QCEW/BEA regional 2024; FAF 2017
MO,USA,construction,induced,2.552455513119649e-06,0.17351396678716297,0.3176708792491705,BEA 2017; QCEW/BEA regional 2024; FAF 2017
MO,USA,operations,direct,1.3751644189176171e-06,0.2442995069843878,0.5443428740984205,BEA 2017; QCEW/BEA regional 2024; FAF 2017
MO,USA,operations,indirect,1.749228139110917e-06,0.14927374206932592,0.26081766992884564,BEA 2017; QCEW/BEA regional 2024; FAF 2017
MO,USA,operations,induced,2.2474592188555373e-06,0.15278055278596467,0.279711964600664,BEA 2017; QCEW/BEA regional 2024; FAF 2017
MS,USA,construction,direct,4.498375768141601e-06,0.3756208228585443,0.5774200047300789,BEA 2017; QCEW/BEA regional 2024; FAF 2017
MS,USA,construction,indirect,5.9252185911377e-07,0.045379100551847476,0.07747099804981837,BEA 2017; QCEW/BEA regional 2024; FAF 2017
MS,USA,construction,induced,2.0820369205731197e-06,0.11155016408244282,0.19341977539700422,BEA 2017; QCEW/BEA regional 2024; FAF 2017
MS,USA,operations,direct,2.473617784975193e-06,0.2442995069843878,0.5443428740984205,BEA 2017; QCEW/BEA regional 2024; FAF 2017
MS,USA,operations,indirect,1.5530629096504495e-06,0.09373531048967935,0.15488795574081363,BEA 2017; QCEW/BEA regional 2024; FAF 2017
MS,USA,operations,induced,1.6717365759093905e-06,0.08956733067633633,0.15530316001617486,BEA 2017; QCEW/BEA regional 2024; FAF 2017
MT,USA,construction,direct,4.242033745337616e-06,0.3756208228585443,0.5774200047300789,BEA 2017; QCEW/BEA regional 2024; FAF 2017
MT,USA,construction,indirect,6.462219034815025e-07,0.057263165663729625,0.10390991367238796,BEA 2017; QCEW/BEA regional 2024; FAF 2017
MT,USA,construction,induced,1.9974775305119047e-06,0.1256741225747495,0.22822520330865995,BEA 2017; QCEW/BEA regional 2024; FAF 2017
MT,USA,operations,direct,1.4314997212970417e-06,0.2442995069843878,0.5443428740984205,BEA 2017; QCEW/BEA regional 2024; FAF 2017
MT,USA,operations,indirect,1.3863300181945916e-06,0.10990599231014843,0.19389586367287723,BEA 2017; QCEW/BEA regional 2024; FAF 2017
MT,USA,operations,induced,1.6344275713218786e-06,0.1028323211651926,0.1867443107921318,BEA 2017; QCEW/BEA regional 2024; FAF 2017
NC,USA,construction,direct,4.193427851722768e-06,0.3756208228585443,0.5774200047300789,BEA 2017; QCEW/BEA regional 2024; FAF 2017
NC,USA,construction,indirect,7.456136293673958e-07,0.07249759993186221,0.1277002527794854,BEA 2017; QCEW/BEA regional 2024; FAF 2017
NC,USA,construction,induced,2.44086122597848e-06,0.17201018827932513,0.3198224444222146,BEA 2017; QCEW/BEA regional 2024; FAF 2017
NC,USA,operations,direct,1.3659236162936725e-06,0.2442995069843878,0.5443428740984205,BEA 2017; QCEW/BEA regional 2024; FAF 2017
NC,USA,operations,indirect,1.7474572284618812e-06,0.16240691778184513,0.28730787502627897,BEA 2017; QCEW/BEA regional 2024; FAF 2017
NC,USA,operations,induced,2.2152937529027745e-06,0.1561141991503693,0.2902666712986139,BEA 2017; QCEW/BEA regional 2024; FAF 2017
ND,USA,construction,direct,3.8293791122990125e-06,0.3756208228585443,0.5774200047300789,BEA 2017; QCEW/BEA regional 2024; FAF 2017
ND,USA,construction,indirect,4.092218598014899e-07,0.04021136516148672,0.07227024359212646,BEA 2017; QCEW/BEA regional 2024; FAF 2017
ND,USA,construction,induced,1.5333955871903397e-06,0.09967100804011254,0.1862258152627278,BEA 2017; QCEW/BEA regional 2024; FAF 2017
ND,USA,operations,direct,2.086506139388107e-06,0.2442995069843878,0.5443428740984205,BEA 2017; QCEW/BEA regional 2024; FAF 2017
ND,USA,operations,indirect,9.942106533108284e-07,0.08302990121275418,0.14570002977069368,BEA 2017; QCEW/BEA regional 2024; FAF 2017
ND,USA,operations,induced,1.207038523104767e-06,0.07845773611592322,0.14659083076570914,BEA 2017; QCEW/BEA regional 2024; FAF 2017
NE,USA,construction,direct,4.333511359751367e-06,0.3756208228585443,0.5774200047300789,BEA 2017; QCEW/BEA regional 2024; FAF 2017
NE,USA,construction,indirect,7.016317772106261e-07,0.06317398989089905,0.10932149635798077,BEA 2017; QCEW/BEA regional 2024; FAF 2017
NE,USA,construction,induced,1.958305651232199e-06,0.1273113001589154,0.22353818976610115,BEA 2017; QCEW/BEA regional 2024; FAF 2017
NE,USA,operations,direct,1.673610395385599e-06,0.2442995069843878,0.5443428740984205,BEA 2017; QCEW/BEA regional 2024; FAF 2017
NE,USA,operations,indirect,1.5074299281968427e-06,0.12561189972388942,0.22078616805391466,BEA 2017; QCEW/BEA regional 2024; FAF 2017
NE,USA,operations,induced,1.6508845983685573e-06,0.10732556712910644,0.18844645339191077,BEA 2017; QCEW/BEA regional 2024; FAF 2017
NH,USA,construction,direct,3.667984277577048e-06,0.3756208228585443,0.5774200047300789,BEA 2017; QCEW/BEA regional 2024; FAF 2017
NH,USA,construction,indirect,4.776531510773709e-07,0.05396142689881599,0.08990489558896234,BEA 2017; QCEW/BEA regional 2024; FAF 2017
NH,USA,construction,induced,1.8115047839538076e-06,0.14062611874534478,0.2416812855358032,BEA 2017; QCEW/BEA regional 2024; FAF 2017
NH,USA,operations,direct,1.1903103094796803e-06,0.2442995069843878,0.5443428740984205,BEA 2017; QCEW/BEA regional 2024; FAF 2017
NH,USA,operations,indirect,1.2436397529126922e-06,0.13507338750680364,0.22601923430961998,BEA 2017; QCEW/BEA regional 2024; FAF 2017
NH,USA,operations,induced,1.5997770244496042e-06,0.12418980937787079,0.2134336995764077,BEA 2017; QCEW/BEA regional 2024; FAF 2017
NJ,USA,construction,direct,3.44941625656478e-06,0.3756208228585443,0.5774200047300789,BEA 2017; QCEW/BEA regional 2024; FAF 2017
NJ,USA,construction,indirect,5.888341895924601e-07,0.06799485647296605,0.12001267724141984,BEA 2017; QCEW/BEA regional 2024; FAF 2017
NJ,USA,construction,induced,1.8781311435980663e-06,0.15622569763827038,0.2890581095394288,BEA 2017; QCEW/BEA regional 2024; FAF 2017
NJ,USA,operations,direct,1.0061715166752695e-06,0.2442995069843878,0.5443428740984205,BEA 2017; QCEW/BEA regional 2024; FAF 2017
NJ,USA,operations,indirect,1.5848282364747234e-06,0.17446242265188833,0.3111993439661292,BEA 2017; QCEW/BEA regional 2024; FAF 2017
NJ,USA,operations,induced,1.772908078876478e-06,0.14747308909450565,0.2728635108437817,BEA 2017; QCEW/BEA regional 2024; FAF 2017
NM,USA,construction,direct,4.4949983355474016e-06,0.3756208228585443,0.5774200047300789,BEA 2017; QCEW/BEA regional 2024; FAF 2017
NM,USA,construction,indirect,6.145844074174477e-07,0.05117205000169423,0.09223479958343114,BEA 2017; QCEW/BEA regional 2024; FAF 2017
NM,USA,construction,induced,1.8764948755264103e-06,0.10948756821234354,0.1971053359287322,BEA 2017; QCEW/BEA regional 2024; FAF 2017
NM,USA,operations,direct,1.4464999850971444e-06,0.2442995069843878,0.5443428740984205,BEA 2017; QCEW/BEA regional 2024; FAF 2017
NM,USA,operations,indirect,1.4122594353086179e-06,0.09906732093365947,0.16891008525049783,BEA 2017; QCEW/BEA regional 2024; FAF 2017
NM,USA,operations,induced,1.5096927197867524e-06,0.08808581722929633,0.15857676701581858,BEA 2017; QCEW/BEA regional 2024; FAF 2017
NV,USA,construction,direct,3.8992364068568086e-06,0.3756208228585443,0.5774200047300789,BEA 2017; QCEW/BEA regional 2024; FAF 2017
NV,USA,construction,indirect,5.248422389231173e-07,0.05197763146390506,0.09231551465714928,BEA 2017; QCEW/BEA regional 2024; FAF 2017
NV,USA,construction,induced,1.6741949860533447e-06,0.1193326820787187,0.22980719548650738,BEA 2017; QCEW/BEA regional 2024; FAF 2017
NV,USA,operations,direct,1.08304561053e-06,0.2442995069843878,0.5443428740984205,BEA 2017; QCEW/BEA regional 2024; FAF 2017
NV,USA,operations,indirect,1.4216780958362753e-06,0.12244256409353164,0.21965315768370716,BEA 2017; QCEW/BEA regional 2024; FAF 2017
NV,USA,operations,induced,1.4359213190945242e-06,0.10234909534969867,0.197100728427271,BEA 2017; QCEW/BEA regional 2024; FAF 2017
NY,USA,construction,direct,3.4819719288862117e-06,0.3756208228585443,0.5774200047300789,BEA 2017; QCEW/BEA regional 2024; FAF 2017
NY,USA,construction,indirect,4.381718521509312e-07,0.05263253432477068,0.09660855842439073,BEA 2017; QCEW/BEA regional 2024; FAF 2017
NY,USA,construction,induced,1.4694134741337855e-06,0.1337259350989023,0.2627395134589461,BEA 2017; QCEW/BEA regional 2024; FAF 2017
NY,USA,operations,direct,9.038579557617914e-07,0.2442995069843878,0.5443428740984205,BEA 2017; QCEW/BEA regional 2024; FAF 2017
NY,USA,operations,indirect,1.1722660371053967e-06,0.15083837554782864,0.28870292204459375,BEA 2017; QCEW/BEA regional 2024; FAF 2017
NY,USA,operations,induced,1.3557883878654467e-06,0.1233853324166762,0.24242269970407518,BEA 2017; QCEW/BEA regional 2024; FAF 2017
OH,USA,construction,direct,3.8627479608084606e-06,0.3756208228585443,0.5774200047300789,BEA 2017; QCEW/BEA regional 2024; FAF 2017
OH,USA,construction,indirect,7.278443835290506e-07,0.06858728995775072,0.12015233519784381,BEA 2017; QCEW/BEA regional 2024; FAF 2017
OH,USA,construction,induced,2.3479960565097706e-06,0.15549778034023506,0.2804706430443885,BEA 2017; QCEW/BEA regional 2024; FAF 2017
OH,USA,operations,direct,1.6153373476910915e-06,0.2442995069843878,0.5443428740984205,BEA 2017; QCEW/BEA regional 2024; FAF 2017
OH,USA,operations,indirect,1.5034429063766172e-06,0.12533491958151152,0.21651556712588615,BEA 2017; QCEW/BEA regional 2024; FAF 2017
OH,USA,operations,induced,1.953814329109086e-06,0.12939280308035056,0.23338521364006626,BEA 2017; QCEW/BEA regional 2024; FAF 2017
OK,USA,construction,direct,4.6306565634825696e-06,0.3756208228585443,0.5774200047300789,BEA 2017; QCEW/BEA regional 2024; FAF 2017
OK,USA,construction,indirect,6.835873918131907e-07,0.05918986151665651,0.10464171591032563,BEA 2017; QCEW/BEA regional 2024; FAF 2017
OK,USA,construction,induced,1.815010993756437e-06,0.10902442391925589,0.1952578707843264,BEA 2017; QCEW/BEA regional 2024; FAF 2017
OK,USA,operations,direct,2.0715294441455144e-06,0.2442995069843878,0.5443428740984205,BEA 2017; QCEW/BEA regional 2024; FAF 2017
OK,USA,operations,indirect,1.5282676575285468e-06,0.11264564873734917,0.18838527446825812,BEA 2017; QCEW/BEA regional 2024; FAF 2017
OK,USA,operations,induced,1.489980364061188e-06,0.0895004225327426,0.1602912568562017,BEA 2017; QCEW/BEA regional 2024; FAF 2017
OR,USA,construction,direct,3.664912803615925e-06,0.3756208228585443,0.5774200047300789,BEA 2017; QCEW/BEA regional 2024; FAF 2017
OR,USA,construction,indirect,6.643546179154455e-07,0.06678624732788582,0.11578410863280221,BEA 2017; QCEW/BEA regional 2024; FAF 2017
OR,USA,construction,induced,1.988124379872298e-06,0.14885196108510754,0.26991152242863575,BEA 2017; QCEW/BEA regional 2024; FAF 2017
OR,USA,operations,direct,9.942669605338933e-07,0.2442995069843878,0.5443428740984205,BEA 2017; QCEW/BEA regional 2024; FAF 2017
OR,USA,operations,indirect,1.4654745756383282e-06,0.1398662823877753,0.25573738727132506,BEA 2017; QCEW/BEA regional 2024; FAF 2017
OR,USA,operations,induced,1.7263950403003997e-06,0.129256142099532,0.2343786527433746,BEA 2017; QCEW/BEA regional 2024; FAF 2017
PA,USA,construction,direct,3.736945740782376e-06,0.3756208228585443,0.5774200047300789,BEA 2017; QCEW/BEA regional 2024; FAF 2017
PA,USA,construction,indirect,6.389425656788212e-07,0.06511480227236738,0.1140928652734781,BEA 2017; QCEW/BEA regional 2024; FAF 2017
PA,USA,construction,induced,2.0795695570374363e-06,0.14646537019888933,0.26253900470927904,BEA 2017; QCEW/BEA regional 2024; FAF 2017
PA,USA,operations,direct,1.4149324661429809e-06,0.2442995069843878,0.5443428740984205,BEA 2017; QCEW/BEA regional 2024; FAF 2017
PA,USA,operations,indirect,1.4310724079624805e-06,0.1378673269670627,0.24462031234044113,BEA 2017; QCEW/BEA regional 2024; FAF 2017
PA,USA,operations,induced,1.803218229428936e-06,0.1270017752611006,0.2276505335567281,BEA 2017; QCEW/BEA regional 2024; FAF 2017
RI,USA,construction,direct,4.01017518871467e-06,0.3756208228585443,0.5774200047300789,BEA 2017; QCEW/BEA regional 2024; FAF 2017
RI,USA,construction,indirect,5.024898718653114e-07,0.04979447060966883,0.08466024471212737,BEA 2017; QCEW/BEA regional 2024; FAF 2017
RI,USA,construction,induced,1.8743128286982153e-06,0.13532820506684815,0.24402037580030514,BEA 2017; QCEW/BEA regional 2024; FAF 2017
RI,USA,operations,direct,1.1808190616836538e-06,0.2442995069843878,0.5443428740984205,BEA 2017; QCEW/BEA regional 2024; FAF 2017
RI,USA,operations,indirect,1.3110065647192493e-06,0.11976961972270644,0.20457234511760328,BEA 2017; QCEW/BEA regional 2024; FAF 2017
RI,USA,operations,induced,1.6040312729637426e-06,0.11581347025834474,0.20883190256767772,BEA 2017; QCEW/BEA regional 2024; FAF 2017
SC,USA,construction,direct,4.115612574004677e-06,0.3756208228585443,0.5774200047300789,BEA 2017; QCEW/BEA regional 2024; FAF 2017
SC,USA,construction,indirect,6.439317723852949e-07,0.05887394862647431,0.105253219397227,BEA 2017; QCEW/BEA regional 2024; FAF 2017
SC,USA,construction,induced,2.1424889212978085e-06,0.13493016102155134,0.26055032980610165,BEA 2017; QCEW/BEA regional 2024; FAF 2017
SC,USA,operations,direct,1.5422647377542309e-06,0.2442995069843878,0.5443428740984205,BEA 2017; QCEW/BEA regional 2024; FAF 2017
SC,USA,operations,indirect,1.7433115678735491e-06,0.13606803103763102,0.23899683679685255,BEA 2017; QCEW/BEA regional 2024; FAF 2017
SC,USA,operations,induced,1.875588130665452e-06,0.11812122152188363,0.22809224410330808,BEA 2017; QCEW/BEA regional 2024; FAF 2017
SD,USA,construction,direct,4.560843555899706e-06,0.3756208228585443,0.5774200047300789,BEA 2017; QCEW/BEA regional 2024; FAF 2017
SD,USA,construction,indirect,6.332941191294278e-07,0.05271656927004411,0.09426906609466511,BEA 2017; QCEW/BEA regional 2024; FAF 2017
SD,USA,construction,induced,1.6039151264253611e-06,0.09822402847219709,0.1743397390681155,BEA 2017; QCEW/BEA regional 2024; FAF 2017
SD,USA,operations,direct,1.8939204284860876e-06,0.2442995069843878,0.5443428740984205,BEA 2017; QCEW/BEA regional 2024; FAF 2017
SD,USA,operations,indirect,1.2416301240739812e-06,0.08863742087536601,0.15760196324120615,BEA 2017; QCEW/BEA regional 2024; FAF 2017
SD,USA,operations,induced,1.2466868047315837e-06,0.0763473067784962,0.13551032012583322,BEA 2017; QCEW/BEA regional 2024; FAF 2017
TN,USA,construction,direct,3.936066612937416e-06,0.3756208228585443,0.5774200047300789,BEA 2017; QCEW/BEA regional 2024; FAF 2017
TN,USA,construction,indirect,6.289879823015339e-07,0.05992937929038685,0.10659192746947357,BEA 2017; QCEW/BEA regional 2024; FAF 2017
TN,USA,construction,induced,2.136589767101821e-06,0.1516322568341238,0.27798720172641045,BEA 2017; QCEW/BEA regional 2024; FAF 2017
TN,USA,operations,direct,1.358681565490629e-06,0.2442995069843878,0.5443428740984205,BEA 2017; QCEW/BEA regional 2024; FAF 2017
TN,USA,operations,indirect,1.6932110306773292e-06,0.14529317752263368,0.2558775405696152,BEA 2017; QCEW/BEA regional 2024; FAF 2017
TN,USA,operations,induced,1.9111453489138825e-06,0.1356326267475009,0.24865510254580192,BEA 2017; QCEW/BEA regional 2024; FAF 2017
TX,USA,construction,direct,3.78463778811862e-06,0.3756208228585443,0.5774200047300789,BEA 2017; QCEW/BEA regional 2024; FAF 2017
TX,USA,construction,indirect,8.817520094960875e-07,0.09117404919767061,0.16350437567591544,BEA 2017; QCEW/BEA regional 2024; FAF 2017
TX,USA,construction,induced,2.274781963237242e-06,0.16850764274412644,0.3231468254310364,BEA 2017; QCEW/BEA regional 2024; FAF 2017
TX,USA,operations,direct,1.175226155631497e-06,0.2442995069843878,0.5443428740984205,BEA 2017; QCEW/BEA regional 2024; FAF 2017
TX,USA,operations,indirect,1.7647063970089875e-06,0.1693443883760678,0.3034673902258313,BEA 2017; QCEW/BEA regional 2024; FAF 2017
TX,USA,operations,induced,2.0157669432492e-06,0.14932074432534556,0.28635214233579176,BEA 2017; QCEW/BEA regional 2024; FAF 2017
UT,USA,construction,direct,4.399178875456532e-06,0.3756208228585443,0.5774200047300789,BEA 2017; QCEW/BEA regional 2024; FAF 2017
UT,USA,construction,indirect,6.876179885939509e-07,0.06576467313936091,0.11679143053238769,BEA 2017; QCEW/BEA regional 2024; FAF 2017
UT,USA,construction,induced,1.9785528417319465e-06,0.13503045532083569,0.25735979303080864,BEA 2017; QCEW/BEA regional 2024; FAF 2017
UT,USA,operations,direct,1.511629051899172e-06,0.2442995069843878,0.5443428740984205,BEA 2017; QCEW/BEA regional 2024; FAF 2017
UT,USA,operations,indirect,1.7275055903456089e-06,0.15741962549128122,0.2932867928418295,BEA 2017; QCEW/BEA regional 2024; FAF 2017
UT,USA,operations,induced,1.8007445608081315e-06,0.12289555923590681,0.2342314229349865,BEA 2017; QCEW/BEA regional 2024; FAF 2017
VA,USA,construction,direct,3.913479345889165e-06,0.3756208228585443,0.5774200047300789,BEA 2017; QCEW/BEA regional 2024; FAF 2017
VA,USA,construction,indirect,5.608122935376851e-07,0.0596125888017418,0.10275237025936489,BEA 2017; QCEW/BEA regional 2024; FAF 2017
VA,USA,construction,induced,1.5916901992117435e-06,0.11672875908952147,0.22133751473523894,BEA 2017; QCEW/BEA regional 2024; FAF 2017
VA,USA,operations,direct,1.0748372858286935e-06,0.2442995069843878,0.5443428740984205,BEA 2017; QCEW/BEA regional 2024; FAF 2017
VA,USA,operations,indirect,1.458737100951256e-06,0.15323188289692305,0.26481139919965546,BEA 2017; QCEW/BEA regional 2024; FAF 2017
VA,USA,operations,induced,1.453810300866755e-06,0.1066171497793867,0.2021641893942017,BEA 2017; QCEW/BEA regional 2024; FAF 2017
VT,USA,construction,direct,4.420734884046183e-06,0.3756208228585443,0.5774200047300789,BEA 2017; QCEW/BEA regional 2024; FAF 2017
VT,USA,construction,indirect,3.9132116942936565e-07,0.037386971858687036,0.0627373952358882,BEA 2017; QCEW/BEA regional 2024; FAF 2017
VT,USA,construction,induced,1.8048532277007587e-06,0.11968734292775578,0.20240363364605374,BEA 2017; QCEW/BEA regional 2024; FAF 2017
VT,USA,operations,direct,1.6157064781985346e-06,0.2442995069843878,0.5443428740984205,BEA 2017; QCEW/BEA regional 2024; FAF 2017
VT,USA,operations,indirect,1.1072758800762551e-06,0.09390754706286478,0.1483024213187329,BEA 2017; QCEW/BEA regional 2024; FAF 2017
VT,USA,operations,induced,1.4779723311185268e-06,0.09801050773400977,0.16574587099683888,BEA 2017; QCEW/BEA regional 2024; FAF 2017
WA,USA,construction,direct,3.655674152158206e-06,0.3756208228585443,0.5774200047300789,BEA 2017; QCEW/BEA regional 2024; FAF 2017
WA,USA,construction,indirect,5.638357206702713e-07,0.06410826021625572,0.11209702879272421,BEA 2017; QCEW/BEA regional 2024; FAF 2017
WA,USA,construction,induced,1.2724917802022885e-06,0.10573672629016836,0.20297972795090324,BEA 2017; QCEW/BEA regional 2024; FAF 2017
WA,USA,operations,direct,7.440560368263098e-07,0.2442995069843878,0.5443428740984205,BEA 2017; QCEW/BEA regional 2024; FAF 2017
WA,USA,operations,indirect,1.1104946816488436e-06,0.14127606399585338,0.25248332763270104,BEA 2017; QCEW/BEA regional 2024; FAF 2017
WA,USA,operations,induced,1.115781883900775e-06,0.09271503792251563,0.17798237031497485,BEA 2017; QCEW/BEA regional 2024; FAF 2017
WI,USA,construction,direct,3.79760564058776e-06,0.3756208228585443,0.5774200047300789,BEA 2017; QCEW/BEA regional 2024; FAF 2017
WI,USA,construction,indirect,6.887290827991963e-07,0.06379248803743547,0.11074788375838084,BEA 2017; QCEW/BEA regional 2024; FAF 2017
WI,USA,construction,induced,2.1365022751955055e-06,0.14128524081583882,0.24531303509512178,BEA 2017; QCEW/BEA regional 2024; FAF 2017
WI,USA,operations,direct,1.5541431887920186e-06,0.2442995069843878,0.5443428740984205,BEA 2017; QCEW/BEA regional 2024; FAF 2017
WI,USA,operations,indirect,1.4544126298084086e-06,0.12041009409390015,0.21712592107661655,BEA 2017; QCEW/BEA regional 2024; FAF 2017
WI,USA,operations,induced,1.773280128680181e-06,0.11726564156904296,0.20360789477773727,BEA 2017; QCEW/BEA regional 2024; FAF 2017
WV,USA,construction,direct,4.25368284815454e-06,0.3756208228585443,0.5774200047300789,BEA 2017; QCEW/BEA regional 2024; FAF 2017
WV,USA,construction,indirect,5.7222061356159e-07,0.04645404383135477,0.08163450269584828,BEA 2017; QCEW/BEA regional 2024; FAF 2017
WV,USA,construction,induced,2.0589785768778e-06,0.1198263737598237,0.20732024211542513,BEA 2017; QCEW/BEA regional 2024; FAF 2017
WV,USA,operations,direct,2.3352685859431045e-06,0.2442995069843878,0.5443428740984205,BEA 2017; QCEW/BEA regional 2024; FAF 2017
WV,USA,operations,indirect,1.3263495300121306e-06,0.09661215933255371,0.16127617745934525,BEA 2017; QCEW/BEA regional 2024; FAF 2017
WV,USA,operations,induced,1.663045760244254e-06,0.09678427210685114,0.16745344198077713,BEA 2017; QCEW/BEA regional 2024; FAF 2017
WY,USA,construction,direct,4.22217028911845e-06,0.3756208228585443,0.5774200047300789,BEA 2017; QCEW/BEA regional 2024; FAF 2017
WY,USA,construction,indirect,4.962883857152393e-07,0.04635749034079868,0.08519509933821244,BEA 2017; QCEW/BEA regional 2024; FAF 2017
WY,USA,construction,induced,1.2213926967659724e-06,0.0708554666244185,0.13848421768568606,BEA 2017; QCEW/BEA regional 2024; FAF 2017
WY,USA,operations,direct,9.981871344739335e-07,0.2442995069843878,0.5443428740984205,BEA 2017; QCEW/BEA regional 2024; FAF 2017
WY,USA,operations,indirect,1.0561080566567836e-06,0.08484541043913436,0.14852360132390452,BEA 2017; QCEW/BEA regional 2024; FAF 2017
WY,USA,operations,induced,9.52691609364333e-07,0.05526757177230129,0.10801829138807777,BEA 2017; QCEW/BEA regional 2024; FAF 2017
AB,CAN,construction,direct,3.895e-06,0.277,0.335,Statistics Canada 36-10-0595-01 (2022)
AB,CAN,construction,indirect,1.894e-06,0.149,0.262,Statistics Canada 36-10-0595-01 (2022)
AB,CAN,construction,induced,1.0980000000000001e-06,0.062,0.156,Statistics Canada 36-10-0595-01 (2022)
BC,CAN,construction,direct,3.969e-06,0.296,0.413,Statistics Canada 36-10-0595-01 (2022)
BC,CAN,construction,indirect,1.953e-06,0.148,0.238,Statistics Canada 36-10-0595-01 (2022)
BC,CAN,construction,induced,1.394e-06,0.076,0.196,Statistics Canada 36-10-0595-01 (2022)
MB,CAN,construction,direct,2.445e-06,0.169,0.242,Statistics Canada 36-10-0595-01 (2022)
MB,CAN,construction,indirect,2.297e-06,0.146,0.24,Statistics Canada 36-10-0595-01 (2022)
MB,CAN,construction,induced,8.59e-07,0.041,0.109,Statistics Canada 36-10-0595-01 (2022)
NB,CAN,construction,direct,5.025e-06,0.301,0.355,Statistics Canada 36-10-0595-01 (2022)
NB,CAN,construction,indirect,1.8859999999999998e-06,0.129,0.193,Statistics Canada 36-10-0595-01 (2022)
NB,CAN,construction,induced,1.1279999999999998e-06,0.053,0.131,Statistics Canada 36-10-0595-01 (2022)
NL,CAN,construction,direct,2.097e-06,0.222,0.28,Statistics Canada 36-10-0595-01 (2022)
NL,CAN,construction,indirect,2.175e-06,0.153,0.23,Statistics Canada 36-10-0595-01 (2022)
NL,CAN,construction,induced,8.79e-07,0.044,0.109,Statistics Canada 36-10-0595-01 (2022)
NS,CAN,construction,direct,3.908e-06,0.283,0.339,Statistics Canada 36-10-0595-01 (2022)
NS,CAN,construction,indirect,2.015e-06,0.133,0.196,Statistics Canada 36-10-0595-01 (2022)
NS,CAN,construction,induced,1.088e-06,0.051,0.129,Statistics Canada 36-10-0595-01 (2022)
ON,CAN,construction,direct,3.58e-06,0.341,0.507,Statistics Canada 36-10-0595-01 (2022)
ON,CAN,construction,indirect,1.879e-06,0.149,0.234,Statistics Canada 36-10-0595-01 (2022)
ON,CAN,construction,induced,1.515e-06,0.09,0.196,Statistics Canada 36-10-0595-01 (2022)
PE,CAN,construction,direct,6.428e-06,0.338,0.541,Statistics Canada 36-10-0595-01 (2022)
PE,CAN,construction,indirect,1.486e-06,0.083,0.127,Statistics Canada 36-10-0595-01 (2022)
PE,CAN,construction,induced,9.78e-07,0.042,0.121,Statistics Canada 36-10-0595-01 (2022)
QC,CAN,construction,direct,3.557e-06,0.344,0.422,Statistics Canada 36-10-0595-01 (2022)
QC,CAN,construction,indirect,2.348e-06,0.177,0.277,Statistics Canada 36-10-0595-01 (2022)
QC,CAN,construction,induced,1.536e-06,0.085,0.176,Statistics Canada 36-10-0595-01 (2022)
SK,CAN,construction,direct,3.2429999999999997e-06,0.223,0.418,Statistics Canada 36-10-0595-01 (2022)
SK,CAN,construction,indirect,1.276e-06,0.086,0.144,Statistics Canada 36-10-0595-01 (2022)
SK,CAN,construction,induced,7.24e-07,0.034,0.094,Statistics Canada 36-10-0595-01 (2022)
AB,CAN,operations,direct,4.984e-06,0.494,0.638,Statistics Canada 36-10-0595-01 (2022)
AB,CAN,operations,indirect,1.347e-06,0.087,0.158,Statistics Canada 36-10-0595-01 (2022)
AB,CAN,operations,induced,1.5909999999999999e-06,0.09,0.226,Statistics Canada 36-10-0595-01 (2022)
BC,CAN,operations,direct,4.6740000000000005e-06,0.58,0.527,Statistics Canada 36-10-0595-01 (2022)
BC,CAN,operations,indirect,1.981e-06,0.126,0.203,Statistics Canada 36-10-0595-01 (2022)
BC,CAN,operations,induced,2.407e-06,0.131,0.338,Statistics Canada 36-10-0595-01 (2022)
MB,CAN,operations,direct,4.663e-06,0.447,0.627,Statistics Canada 36-10-0595-01 (2022)
MB,CAN,operations,indirect,1.127e-06,0.063,0.121,Statistics Canada 36-10-0595-01 (2022)
MB,CAN,operations,induced,1.443e-06,0.069,0.182,Statistics Canada 36-10-0595-01 (2022)
NB,CAN,operations,direct,3.219e-06,0.422,0.631,Statistics Canada 36-10-0595-01 (2022)
NB,CAN,operations,indirect,1.038e-06,0.063,0.098,Statistics Canada 36-10-0595-01 (2022)
NB,CAN,operations,induced,1.383e-06,0.065,0.16,Statistics Canada 36-10-0595-01 (2022)
NL,CAN,operations,direct,3.4700000000000002e-06,0.311,0.563,Statistics Canada 36-10-0595-01 (2022)
NL,CAN,operations,indirect,1.026e-06,0.067,0.147,Statistics Canada 36-10-0595-01 (2022)
NL,CAN,operations,induced,8.179999999999999e-07,0.041,0.101,Statistics Canada 36-10-0595-01 (2022)
NS,CAN,operations,direct,4.888e-06,0.539,0.478,Statistics Canada 36-10-0595-01 (2022)
NS,CAN,operations,indirect,2.003e-06,0.103,0.174,Statistics Canada 36-10-0595-01 (2022)
NS,CAN,operations,induced,1.7270000000000002e-06,0.081,0.206,Statistics Canada 36-10-0595-01 (2022)
ON,CAN,operations,direct,2.3919999999999997e-06,0.346,0.566,Statistics Canada 36-10-0595-01 (2022)
ON,CAN,operations,indirect,2.075e-06,0.146,0.227,Statistics Canada 36-10-0595-01 (2022)
ON,CAN,operations,induced,1.588e-06,0.095,0.205,Statistics Canada 36-10-0595-01 (2022)
PE,CAN,operations,direct,1.0042999999999999e-05,0.558,0.539,Statistics Canada 36-10-0595-01 (2022)
PE,CAN,operations,indirect,4.88e-07,0.029,0.104,Statistics Canada 36-10-0595-01 (2022)
PE,CAN,operations,induced,1.373e-06,0.059,0.17,Statistics Canada 36-10-0595-01 (2022)
QC,CAN,operations,direct,1.663e-06,0.179,0.474,Statistics Canada 36-10-0595-01 (2022)
QC,CAN,operations,indirect,2.4270000000000002e-06,0.15,0.24,Statistics Canada 36-10-0595-01 (2022)
QC,CAN,operations,induced,9.87e-07,0.055,0.113,Statistics Canada 36-10-0595-01 (2022)
SK,CAN,operations,direct,8.54e-06,0.626,0.689,Statistics Canada 36-10-0595-01 (2022)
SK,CAN,operations,indirect,7.72e-07,0.044,0.093,Statistics Canada 36-10-0595-01 (2022)
SK,CAN,operations,induced,1.541e-06,0.073,0.199,Statistics Canada 36-10-0595-01 (2022)
