,Description,Choices,Default Value,G0-T0-S0-M0,G0-T0-S0-M0-High,G0-T0-S0-M0-Low,G1-T0-S0-M0,G1-T0-S0-M0-High,G1-T0-S0-M0-Low,G2-T0-S0-M0,G2-T0-S0-M0-High,G2-T0-S0-M0-Low,G3-T0-S0-M0,G3-T0-S0-M0-NoDC,G3-T0-S0-M0-High,G3-T0-S0-M0-Low,G3-T10-S0-M0,G3-T10-S10D-M0,G3-T10-S10C-M0,G3-T10-S25D-M0,G3-T10-S25C-M0,G3-T10-S40D-M0,G3-T10-S40C-M0,G3-T25-S0-M0,G3-T25-S0-M0-High,G3-T25-S0-M0-Low,G3-T25-S0-M20D,G3-T25-S0-M20C,G3-T25-S0-M40D,G3-T25-S0-M40C,G3-T25-S0-M60D,G3-T25-S0-M60C,G3-T25-S0-M80D,G3-T25-S0-M80C,G3-T25-S0-M100D,G3-T25-S0-M100C,G3-T25-S10D-M0,G3-T25-S10C-M0,G3-T25-S25D-M0,G3-T25-S25D-M0-High,G3-T25-S25D-M0-Low,G3-T25-S25C-M0,G3-T25-S25C-M0-High,G3-T25-S25C-M0-Low,G3-T25-S25C-M20D,G3-T25-S25C-M20C,G3-T25-S25C-M40D,G3-T25-S25C-M40C,G3-T25-S25C-M60D,G3-T25-S25C-M60C,G3-T25-S25C-M80D,G3-T25-S25C-M80C,G3-T25-S25C-M100D,G3-T25-S25C-M100D-High,G3-T25-S25C-M100D-Low,G3-T25-S25C-M100C,G3-T25-S25C-M100C-High,G3-T25-S25C-M100C-Low,G3-T25-S40D-M0,G3-T25-S40C-M0,G3-T40-S0-M0,G3-T40-S10D-M0,G3-T40-S10C-M0,G3-T40-S25D-M0,G3-T40-S25C-M0,G3-T40-S40D-M0,G3-T40-S40C-M0
ignore,"0=run this case, 1=ignore this case",0; 1,0,0,0,0,0,0,0,0,0,0,0,0,0,0,0,0,0,0,0,0,0,0,0,0,0,0,0,0,0,0,0,0,0,0,0,0,0,0,0,0,0,0,0,0,0,0,0,0,0,0,0,0,0,0,0,0,0,0,0,0,0,0,0,0,0
GSw_Region,Specify column from inputs/userinput/modeled_regions.csv or from {column of hierarchy.csv}/{period-delimited entries to keep from that column},N/A,country/USA,country/USA.CAN,country/USA.CAN,country/USA.CAN,country/USA.CAN,country/USA.CAN,country/USA.CAN,country/USA.CAN,country/USA.CAN,country/USA.CAN,country/USA.CAN,country/USA.CAN,country/USA.CAN,country/USA.CAN,country/USA.CAN,country/USA.CAN,country/USA.CAN,country/USA.CAN,country/USA.CAN,country/USA.CAN,country/USA.CAN,country/USA.CAN,country/USA.CAN,country/USA.CAN,country/USA.CAN,country/USA.CAN,country/USA.CAN,country/USA.CAN,country/USA.CAN,country/USA.CAN,country/USA.CAN,country/USA.CAN,country/USA.CAN,country/USA.CAN,country/USA.CAN,country/USA.CAN,country/USA.CAN,country/USA.CAN,country/USA.CAN,country/USA.CAN,country/USA.CAN,country/USA.CAN,country/USA.CAN,country/USA.CAN,country/USA.CAN,country/USA.CAN,country/USA.CAN,country/USA.CAN,country/USA.CAN,country/USA.CAN,country/USA.CAN,country/USA.CAN,country/USA.CAN,country/USA.CAN,country/USA.CAN,country/USA.CAN,country/USA.CAN,country/USA.CAN,country/USA.CAN,country/USA.CAN,country/USA.CAN,country/USA.CAN,country/USA.CAN,country/USA.CAN,country/USA.CAN
GSw_HierarchyFile,Indicate the version of the hierarchy file to use (default=hierarchy.csv with 132 zones),default; usacan; agg125; agg69; agg54,default,usacan_aggreg,usacan_aggreg,usacan_aggreg,usacan_aggreg,usacan_aggreg,usacan_aggreg,usacan_aggreg,usacan_aggreg,usacan_aggreg,usacan_aggreg,usacan_aggreg,usacan_aggreg,usacan_aggreg,usacan_aggreg,usacan_aggreg,usacan_aggreg,usacan_aggreg,usacan_aggreg,usacan_aggreg,usacan_aggreg,usacan_aggreg,usacan_aggreg,usacan_aggreg,usacan_aggreg,usacan_aggreg,usacan_aggreg,usacan_aggreg,usacan_aggreg,usacan_aggreg,usacan_aggreg,usacan_aggreg,usacan_aggreg,usacan_aggreg,usacan_aggreg,usacan_aggreg,usacan_aggreg,usacan_aggreg,usacan_aggreg,usacan_aggreg,usacan_aggreg,usacan_aggreg,usacan_aggreg,usacan_aggreg,usacan_aggreg,usacan_aggreg,usacan_aggreg,usacan_aggreg,usacan_aggreg,usacan_aggreg,usacan_aggreg,usacan_aggreg,usacan_aggreg,usacan_aggreg,usacan_aggreg,usacan_aggreg,usacan_aggreg,usacan_aggreg,usacan_aggreg,usacan_aggreg,usacan_aggreg,usacan_aggreg,usacan_aggreg,usacan_aggreg,usacan_aggreg
startyear,First year to be modeled,N/A,2010,2010,2010,2010,2010,2010,2010,2010,2010,2010,2010,2010,2010,2010,2010,2010,2010,2010,2010,2010,2010,2010,2010,2010,2010,2010,2010,2010,2010,2010,2010,2010,2010,2010,2010,2010,2010,2010,2010,2010,2010,2010,2010,2010,2010,2010,2010,2010,2010,2010,2010,2010,2010,2010,2010,2010,2010,2010,2010,2010,2010,2010,2010,2010,2010
endyear,Last year to be modeled,N/A,2050,2035,2035,2035,2035,2035,2035,2035,2035,2035,2035,2035,2035,2035,2035,2035,2035,2035,2035,2035,2035,2035,2035,2035,2035,2035,2035,2035,2035,2035,2035,2035,2035,2035,2035,2035,2035,2035,2035,2035,2035,2035,2035,2035,2035,2035,2035,2035,2035,2035,2035,2035,2035,2035,2035,2035,2035,2035,2035,2035,2035,2035,2035,2035,2035
yearset_suffix,Set of years that are modeled,default; 1yr_2yr; 1yr_5yr; 2yr_1yr2040_5yr; annual; annualMod; beyond2050step5; beyond2050step10; beyond2050step5yr10yr; biennial; 10yr; 5yr; 4yr; 3yr,3yr,4yr_2yr2035,4yr_2yr2035,4yr_2yr2035,4yr_2yr2035,4yr_2yr2035,4yr_2yr2035,4yr_2yr2035,4yr_2yr2035,4yr_2yr2035,4yr_2yr2035,4yr_2yr2035,4yr_2yr2035,4yr_2yr2035,4yr_2yr2035,4yr_2yr2035,4yr_2yr2035,4yr_2yr2035,4yr_2yr2035,4yr_2yr2035,4yr_2yr2035,4yr_2yr2035,4yr_2yr2035,4yr_2yr2035,4yr_2yr2035,4yr_2yr2035,4yr_2yr2035,4yr_2yr2035,4yr_2yr2035,4yr_2yr2035,4yr_2yr2035,4yr_2yr2035,4yr_2yr2035,4yr_2yr2035,4yr_2yr2035,4yr_2yr2035,4yr_2yr2035,4yr_2yr2035,4yr_2yr2035,4yr_2yr2035,4yr_2yr2035,4yr_2yr2035,4yr_2yr2035,4yr_2yr2035,4yr_2yr2035,4yr_2yr2035,4yr_2yr2035,4yr_2yr2035,4yr_2yr2035,4yr_2yr2035,4yr_2yr2035,4yr_2yr2035,4yr_2yr2035,4yr_2yr2035,4yr_2yr2035,4yr_2yr2035,4yr_2yr2035,4yr_2yr2035,4yr_2yr2035,4yr_2yr2035,4yr_2yr2035,4yr_2yr2035,4yr_2yr2035,4yr_2yr2035,4yr_2yr2035
GSw_WaterMain,Turn on/off the representation of water use and source types,0; 1,0,1,1,1,1,1,1,1,1,1,1,1,1,1,1,1,1,1,1,1,1,1,1,1,1,1,1,1,1,1,1,1,1,1,1,1,1,1,1,1,1,1,1,1,1,1,1,1,1,1,1,1,1,1,1,1,1,1,1,1,1,1,1,1,1
GSw_EFS1_AllYearLoad,Switch to choose electricity profiles,historic; EPREFERENCE; EPMEDIUM; EPHIGH; Clean2035; Clean2035clip1pct; Clean2035_LTS; EPMEDIUMStretch2046; EER_Baseline_AEO2022_v2023; EER_IRAlow_v2023; EER_IRAmoderate_v2023; EER_100by2050_v2023; EER_Baseline_AEO2023; EER_IRAlow; EER_100by2050,EER_IRAlow,EER_IRAlow_uscan,EER_IRAlow_uscan,EER_IRAlow_uscan,EER_IRAlow_uscan,EER_IRAlow_uscan,EER_IRAlow_uscan,EER_IRAlow_uscan,EER_IRAlow_uscan,EER_IRAlow_uscan,EER_IRAlow_uscan,EER_IRAlow_uscan,EER_IRAlow_uscan,EER_IRAlow_uscan,EER_IRAlow_uscan,EER_IRAlow_uscan,EER_IRAlow_uscan,EER_IRAlow_uscan,EER_IRAlow_uscan,EER_IRAlow_uscan,EER_IRAlow_uscan,EER_IRAlow_uscan,EER_IRAlow_uscan,EER_IRAlow_uscan,EER_IRAlow_uscan,EER_IRAlow_uscan,EER_IRAlow_uscan,EER_IRAlow_uscan,EER_IRAlow_uscan,EER_IRAlow_uscan,EER_IRAlow_uscan,EER_IRAlow_uscan,EER_IRAlow_uscan,EER_IRAlow_uscan,EER_IRAlow_uscan,EER_IRAlow_uscan,EER_IRAlow_uscan,EER_IRAlow_uscan,EER_IRAlow_uscan,EER_IRAlow_uscan,EER_IRAlow_uscan,EER_IRAlow_uscan,EER_IRAlow_uscan,EER_IRAlow_uscan,EER_IRAlow_uscan,EER_IRAlow_uscan,EER_IRAlow_uscan,EER_IRAlow_uscan,EER_IRAlow_uscan,EER_IRAlow_uscan,EER_IRAlow_uscan,EER_IRAlow_uscan,EER_IRAlow_uscan,EER_IRAlow_uscan,EER_IRAlow_uscan,EER_IRAlow_uscan,EER_IRAlow_uscan,EER_IRAlow_uscan,EER_IRAlow_uscan,EER_IRAlow_uscan,EER_IRAlow_uscan,EER_IRAlow_uscan,EER_IRAlow_uscan,EER_IRAlow_uscan,EER_IRAlow_uscan
GSw_PRM_NetImportLimit,Turn on (1) or off (0) the eq_firm_transfer_limit constraint on max firm net imports (NOTE: This constraint is only applied during stress periods in ReEDS; it is not applied in PRAS),0; 1,1,,,,,,,0,0,0,0,0,0,0,0,0,0,0,0,0,0,0,0,0,0,0,0,0,0,0,0,0,0,0,0,0,0,0,0,0,0,0,0,0,0,0,0,0,0,0,0,0,0,0,0,0,0,0,0,0,0,0,0,0,0
GSw_TransInvNearTerm,Indicate whether to allow transmission investment before firstyear_trans_longterm,0; 1,0,1,1,1,1,1,1,1,1,1,1,1,1,1,1,1,1,1,1,1,1,1,1,1,1,1,1,1,1,1,1,1,1,1,1,1,1,1,1,1,1,1,1,1,1,1,1,1,1,1,1,1,1,1,1,1,1,1,1,1,1,1,1,1,1
transhurdlecountryscen,Scenario for cross-country transmission hurdle costs in inputs/transmission/cost_hurdle_country_{transhurdlecountryscen}.csv,reference; low; high,reference,reference,reference,reference,low,low,low,low,low,low,low,low,low,low,low,low,low,low,low,low,low,low,low,low,low,low,low,low,low,low,low,low,low,low,low,low,low,low,low,low,low,low,low,low,low,low,low,low,low,low,low,low,low,low,low,low,low,low,low,low,low,low,low,low,low
GSw_PRMTRADE_level,hierarchy level within which to allow PRM trading,r; nercr; transreg; transgrp; cendiv; st; interconnect; canus_pool; whole_pool; country; usda_region,country,,,,,,,whole_pool,whole_pool,whole_pool,whole_pool,whole_pool,whole_pool,whole_pool,whole_pool,whole_pool,whole_pool,whole_pool,whole_pool,whole_pool,whole_pool,whole_pool,whole_pool,whole_pool,whole_pool,whole_pool,whole_pool,whole_pool,whole_pool,whole_pool,whole_pool,whole_pool,whole_pool,whole_pool,whole_pool,whole_pool,whole_pool,whole_pool,whole_pool,whole_pool,whole_pool,whole_pool,whole_pool,whole_pool,whole_pool,whole_pool,whole_pool,whole_pool,whole_pool,whole_pool,whole_pool,whole_pool,whole_pool,whole_pool,whole_pool,whole_pool,whole_pool,whole_pool,whole_pool,whole_pool,whole_pool,whole_pool,whole_pool,whole_pool,whole_pool
GSw_OpRes,Turn on/off operating reserve constraints (0/1) or use simplified version (2),0; 1; 2,2,1,1,1,1,1,1,1,1,1,1,1,1,1,1,1,1,1,1,1,1,1,1,1,1,1,1,1,1,1,1,1,1,1,1,1,1,1,1,1,1,1,1,1,1,1,1,1,1,1,1,1,1,1,1,1,1,1,1,1,1,1,1,1,1
GSw_OpResTradeLevel,hierarchy level within which to allow opres trading,r; nercr; transreg; transgrp; cendiv; st; interconnect; canus_pool; whole_pool; country; usda_region,transreg,,,,,,,canus_pool,canus_pool,canus_pool,canus_pool,canus_pool,canus_pool,canus_pool,canus_pool,canus_pool,canus_pool,canus_pool,canus_pool,canus_pool,canus_pool,canus_pool,canus_pool,canus_pool,canus_pool,canus_pool,canus_pool,canus_pool,canus_pool,canus_pool,canus_pool,canus_pool,canus_pool,canus_pool,canus_pool,canus_pool,canus_pool,canus_pool,canus_pool,canus_pool,canus_pool,canus_pool,canus_pool,canus_pool,canus_pool,canus_pool,canus_pool,canus_pool,canus_pool,canus_pool,canus_pool,canus_pool,canus_pool,canus_pool,canus_pool,canus_pool,canus_pool,canus_pool,canus_pool,canus_pool,canus_pool,canus_pool,canus_pool,canus_pool,canus_pool
GSw_TransScen,Transmission expansion scenario (options in inputs/transmission),N/A,default,,,,,,,,,,border_expansion,border_expansion,border_expansion,border_expansion,border_expansion,border_expansion,border_expansion,border_expansion,border_expansion,border_expansion,border_expansion,border_expansion,border_expansion,border_expansion,border_expansion,border_expansion,border_expansion,border_expansion,border_expansion,border_expansion,border_expansion,border_expansion,border_expansion,border_expansion,border_expansion,border_expansion,border_expansion,border_expansion,border_expansion,border_expansion,border_expansion,border_expansion,border_expansion,border_expansion,border_expansion,border_expansion,border_expansion,border_expansion,border_expansion,border_expansion,border_expansion,border_expansion,border_expansion,border_expansion,border_expansion,border_expansion,border_expansion,border_expansion,border_expansion,border_expansion,border_expansion,border_expansion,border_expansion,border_expansion,border_expansion
GSw_TransRestrict,hierarchy level within which to allow new transmission lines,r; nercr; transreg; transgrp; cendiv; st; interconnect; canus_pool; whole_pool; country; usda_region,country,,,,,,,,,,whole_pool,whole_pool,whole_pool,whole_pool,whole_pool,whole_pool,whole_pool,whole_pool,whole_pool,whole_pool,whole_pool,whole_pool,whole_pool,whole_pool,whole_pool,whole_pool,whole_pool,whole_pool,whole_pool,whole_pool,whole_pool,whole_pool,whole_pool,whole_pool,whole_pool,whole_pool,whole_pool,whole_pool,whole_pool,whole_pool,whole_pool,whole_pool,whole_pool,whole_pool,whole_pool,whole_pool,whole_pool,whole_pool,whole_pool,whole_pool,whole_pool,whole_pool,whole_pool,whole_pool,whole_pool,whole_pool,whole_pool,whole_pool,whole_pool,whole_pool,whole_pool,whole_pool,whole_pool,whole_pool,whole_pool
Sw_DatacenterScenario,Data center IT capacity growth scenario from inputs/datacenter/country_annual_it_cap_increment.csv,high; low; mid,mid,,high,low,,high,low,,high,low,,,high,low,,,,,,,,,high,low,,,,,,,,,,,,,,high,low,,high,low,,,,,,,,,,high,low,,high,low,,,,,,,,,
Sw_DatacenterNoBuild,Block all data center construction (0=allow; 1=block),0; 1,0,,,,,,,,,,,1,,,,,,,,,,,,,,,,,,,,,,,,,,,,,,,,,,,,,,,,,,,,,,,,,,,,,
Sw_DatacenterTrainMaxDelayHours,Maximum direct training delay in real hours for cyclic temporal routing (integer 0-23),int,3,0,0,0,0,0,0,0,0,0,0,0,0,0,3,3,3,3,3,3,3,3,3,3,3,3,3,3,3,3,3,3,3,3,3,3,3,3,3,3,3,3,3,3,3,3,3,3,3,3,3,3,3,3,3,3,3,3,3,3,3,3,3,3,3
Sw_DatacenterTrainTemporalFlexShare,Share of destination training reference load eligible for daily temporal deferral,float,0.4,0,0,0,0,0,0,0,0,0,0,0,0,0,0.1,0.1,0.1,0.1,0.1,0.1,0.1,0.25,0.25,0.25,0.25,0.25,0.25,0.25,0.25,0.25,0.25,0.25,0.25,0.25,0.25,0.25,0.25,0.25,0.25,0.25,0.25,0.25,0.25,0.25,0.25,0.25,0.25,0.25,0.25,0.25,0.25,0.25,0.25,0.25,0.25,0.25,0.25,0.25,0.4,0.4,0.4,0.4,0.4,0.4,0.4
Sw_DatacenterSpatialFlexScope,Spatial workload scope: 0=self; 1=within country; 2=USCAN,0;1;2,0,0,0,0,0,0,0,0,0,0,0,0,0,0,0,1,2,1,2,1,2,0,0,0,0,0,0,0,0,0,0,0,0,0,1,2,1,1,1,2,2,2,2,2,2,2,2,2,2,2,2,2,2,2,2,2,1,2,0,1,2,1,2,1,2
Sw_DatacenterSpatialFlexShare,Share of each origin daily training workload that may move to another region,float,0.4,0,0,0,0,0,0,0,0,0,0,0,0,0,0,0.1,0.1,0.25,0.25,0.4,0.4,0,0,0,0,0,0,0,0,0,0,0,0,0,0.1,0.1,0.25,0.25,0.25,0.25,0.25,0.25,0.25,0.25,0.25,0.25,0.25,0.25,0.25,0.25,0.25,0.25,0.25,0.25,0.25,0.25,0.4,0.4,0,0.1,0.1,0.25,0.25,0.4,0.4
Sw_DatacenterMovePenalty,Daily training workload movement penalty in 2004$/MWh-km,float,0.001,,,,,,,,,,,,,,,,,,,,,,,,,,,,,,,,,,,,,,,,,,,,,,,,,,,,,,,,,,,,,,,,
Sw_DatacenterDeploymentType,Data center deployment control: 0=fixed exogenous state/province plan; 1=optimize within each country preserving country totals; 2=optimize across USA and Canada preserving combined total,0; 1; 2,0,0,0,0,0,0,0,0,0,0,0,0,0,0,0,0,0,0,0,0,0,0,0,0,1,2,1,2,1,2,1,2,1,2,0,0,0,0,0,0,0,0,1,2,1,2,1,2,1,2,1,1,1,2,2,2,0,0,0,0,0,0,0,0,0
Sw_DatacenterLayoutYear,Last year before data center IT load placement can be optimized; endogenous siting begins only in later years,int,2028,,,,,,,,,,,,,,,,,,,,,,,,,,,,,,,,,,,,,,,,,,,,,,,,,,,,,,,,,,,,,,,,
Sw_DatacenterEndogenousShare,Share of data center growth after the layout cutoff year that can be endogenously sited; remaining share stays on the exogenous state/province plan,float,0.5,0,0,0,0,0,0,0,0,0,0,0,0,0,0,0,0,0,0,0,0,0,0,0,0.2,0.2,0.4,0.4,0.6,0.6,0.8,0.8,1,1,0,0,0,0,0,0,0,0,0.2,0.2,0.4,0.4,0.6,0.6,0.8,0.8,1,1,1,1,1,1,0,0,0,0,0,0,0,0,0
