state,tech,scenario,value
AB,biopower,high,38.039
AL,biopower,high,4.0
AR,biopower,high,4.6
AZ,biopower,high,15.2
BC,biopower,high,100.0
CA,biopower,high,8.0
CO,biopower,high,7.899999999999999
CT,biopower,high,32.85
DE,biopower,high,5.0
FL,biopower,high,18.0
GA,biopower,high,45.35
IA,biopower,high,4.4
ID,biopower,high,3.2
IL,biopower,high,4.800000000000001
IN,biopower,high,6.899999999999999
KS,biopower,high,5.1
KY,biopower,high,3.2
LA,biopower,high,7.800000000000001
MA,biopower,high,4.425000000000001
MB,biopower,high,43.744
MD,biopower,high,3.75
ME,biopower,high,8.875
MI,biopower,high,4.800000000000001
MN,biopower,high,15.7
MO,biopower,high,3.2
MS,biopower,high,1.6
MT,biopower,high,1.6
NB,biopower,high,49.45
NC,biopower,high,5.25
ND,biopower,high,7.800000000000001
NE,biopower,high,6.0
NH,biopower,high,45.5
NJ,biopower,high,9.6
NL,biopower,high,15.77
NM,biopower,high,3.2
NS,biopower,high,57.058
NV,biopower,high,9.8
NY,biopower,high,6.4
OH,biopower,high,8.8
OK,biopower,high,4.800000000000001
ON,biopower,high,38.108
OR,biopower,high,4.800000000000001
PA,biopower,high,8.3
PE,biopower,high,43.744
QC,biopower,high,48.311
RI,biopower,high,21.05
SC,biopower,high,13.6
SD,biopower,high,7.800000000000001
SK,biopower,high,12.561
TN,biopower,high,3.45
TX,biopower,high,9.6
UT,biopower,high,4.0
VA,biopower,high,13.2
VT,biopower,high,6.4
WA,biopower,high,15.7
WI,biopower,high,6.399999999999999
WV,biopower,high,3.2
WY,biopower,high,7.800000000000001
AB,biopower,low,13.971
AL,biopower,low,2.4
AR,biopower,low,4.2
AZ,biopower,low,3.1
BC,biopower,low,13.0
CA,biopower,low,1.4
CO,biopower,low,3.2
CT,biopower,low,12.55
DE,biopower,low,5.0
FL,biopower,low,4.0
GA,biopower,low,5.2
IA,biopower,low,2.5
ID,biopower,low,1.9
IL,biopower,low,3.2
IN,biopower,low,3.2
KS,biopower,low,4.1
KY,biopower,low,1.6
LA,biopower,low,2.7
MA,biopower,low,2.15
MB,biopower,low,16.067
MD,biopower,low,2.3
ME,biopower,low,2.95
MI,biopower,low,3.2
MN,biopower,low,2.4
MO,biopower,low,3.0
MS,biopower,low,1.6
MT,biopower,low,1.6
NB,biopower,low,18.163
NC,biopower,low,1.675
ND,biopower,low,2.7
NE,biopower,low,5.2
NH,biopower,low,8.8
NJ,biopower,low,3.825
NL,biopower,low,5.792
NM,biopower,low,3.2
NS,biopower,low,20.957
NV,biopower,low,5.4
NY,biopower,low,3.6
OH,biopower,low,2.8
OK,biopower,low,4.800000000000001
ON,biopower,low,13.997
OR,biopower,low,1.6
PA,biopower,low,3.2
PE,biopower,low,16.067
QC,biopower,low,17.744
RI,biopower,low,4.800000000000001
SC,biopower,low,3.175
SD,biopower,low,2.7
SK,biopower,low,4.613
TN,biopower,low,1.9
TX,biopower,low,3.2
UT,biopower,low,3.2
VA,biopower,low,4.8
VT,biopower,low,3.2
WA,biopower,low,4.949999999999999
WI,biopower,low,2.2
WV,biopower,low,3.2
WY,biopower,low,2.7
AB,biopower,mid,19.2
AL,biopower,mid,3.2
AR,biopower,mid,4.4
AZ,biopower,mid,3.2
BC,biopower,mid,41.39
CA,biopower,mid,2.8
CO,biopower,mid,3.2
CT,biopower,mid,22.7
DE,biopower,mid,5.0
FL,biopower,mid,6.4
GA,biopower,mid,7.300000000000001
IA,biopower,mid,4.0
ID,biopower,mid,2.7
IL,biopower,mid,3.3
IN,biopower,mid,3.2
KS,biopower,mid,4.6
KY,biopower,mid,2.4
LA,biopower,mid,4.0
MA,biopower,mid,3.25
MB,biopower,mid,22.08
MD,biopower,mid,3.0
ME,biopower,mid,5.85
MI,biopower,mid,4.0
MN,biopower,mid,3.2
MO,biopower,mid,3.0
MS,biopower,mid,1.6
MT,biopower,mid,1.6
NB,biopower,mid,24.96
NC,biopower,mid,3.25
ND,biopower,mid,4.0
NE,biopower,mid,5.6
NH,biopower,mid,16.0
NJ,biopower,mid,7.2
NL,biopower,mid,7.96
NM,biopower,mid,3.2
NS,biopower,mid,28.8
NV,biopower,mid,7.6
NY,biopower,mid,6.399999999999999
OH,biopower,mid,4.0
OK,biopower,mid,4.800000000000001
ON,biopower,mid,19.235
OR,biopower,mid,4.8
PA,biopower,mid,3.25
PE,biopower,mid,22.08
QC,biopower,mid,24.385
RI,biopower,mid,6.4
SC,biopower,mid,3.2
SD,biopower,mid,4.0
SK,biopower,mid,6.34
TN,biopower,mid,2.5
TX,biopower,mid,4.4
UT,biopower,mid,3.2
VA,biopower,mid,6.4
VT,biopower,mid,4.8
WA,biopower,mid,5.399999999999999
WI,biopower,mid,3.0
WV,biopower,mid,3.2
WY,biopower,mid,4.0
AB,coal,high,447.863
AL,coal,high,912.85
AR,coal,high,692.25
AZ,coal,high,916.2
BC,coal,high,310.267
CA,coal,high,912.85
CO,coal,high,856.8
CT,coal,high,912.85
DE,coal,high,912.85
FL,coal,high,912.85
GA,coal,high,912.85
IA,coal,high,922.5
ID,coal,high,912.85
IL,coal,high,1382.025
IN,coal,high,804.5
KS,coal,high,912.85
KY,coal,high,790.2
LA,coal,high,912.85
MA,coal,high,912.85
MB,coal,high,310.267
MD,coal,high,912.85
ME,coal,high,912.85
MI,coal,high,912.85
MN,coal,high,912.85
MO,coal,high,824.25
MS,coal,high,513.7
MT,coal,high,115.7
NB,coal,high,502.902
NC,coal,high,909.5
ND,coal,high,912.85
NE,coal,high,615.5
NH,coal,high,912.85
NJ,coal,high,912.85
NL,coal,high,310.267
NM,coal,high,912.85
NS,coal,high,161.878
NV,coal,high,242.0
NY,coal,high,912.85
OH,coal,high,912.85
OK,coal,high,912.85
ON,coal,high,310.267
OR,coal,high,912.85
PA,coal,high,585.0
PE,coal,high,310.267
QC,coal,high,310.267
RI,coal,high,912.85
SC,coal,high,1243.0
SD,coal,high,912.85
SK,coal,high,297.856
TN,coal,high,912.85
TX,coal,high,1401.7
UT,coal,high,912.85
VA,coal,high,668.0
VT,coal,high,912.85
WA,coal,high,912.85
WI,coal,high,1200.7
WV,coal,high,807.5
WY,coal,high,207.925
AB,coal,low,262.566
AL,coal,low,391.85
AR,coal,low,636.75
AZ,coal,low,916.2
BC,coal,low,181.898
CA,coal,low,391.85
CO,coal,low,856.8
CT,coal,low,391.85
DE,coal,low,391.85
FL,coal,low,391.85
GA,coal,low,391.85
IA,coal,low,922.5
ID,coal,low,391.85
IL,coal,low,614.075
IN,coal,low,804.5
KS,coal,low,391.85
KY,coal,low,702.5999999999999
LA,coal,low,391.85
MA,coal,low,391.85
MB,coal,low,181.898
MD,coal,low,391.85
ME,coal,low,391.85
MI,coal,low,391.85
MN,coal,low,391.85
MO,coal,low,474.75
MS,coal,low,513.7
MT,coal,low,115.7
NB,coal,low,294.833
NC,coal,low,909.5
ND,coal,low,391.85
NE,coal,low,370.5
NH,coal,low,391.85
NJ,coal,low,391.85
NL,coal,low,181.898
NM,coal,low,391.85
NS,coal,low,94.903
NV,coal,low,242.0
NY,coal,low,391.85
OH,coal,low,391.85
OK,coal,low,391.85
ON,coal,low,181.898
OR,coal,low,391.85
PA,coal,low,585.0
PE,coal,low,181.898
QC,coal,low,181.898
RI,coal,low,391.85
SC,coal,low,1243.0
SD,coal,low,391.85
SK,coal,low,174.622
TN,coal,low,391.85
TX,coal,low,943.0
UT,coal,low,391.85
VA,coal,low,668.0
VT,coal,low,391.85
WA,coal,low,391.85
WI,coal,low,796.9
WV,coal,low,807.5
WY,coal,low,93.75
AB,coal,mid,373.5
AL,coal,mid,720.0
AR,coal,mid,664.5
AZ,coal,mid,916.2
BC,coal,mid,258.75
CA,coal,mid,720.0
CO,coal,mid,856.8
CT,coal,mid,720.0
DE,coal,mid,720.0
FL,coal,mid,720.0
GA,coal,mid,720.0
IA,coal,mid,922.5
ID,coal,mid,720.0
IL,coal,mid,998.05
IN,coal,mid,804.5
KS,coal,mid,720.0
KY,coal,mid,746.4
LA,coal,mid,720.0
MA,coal,mid,720.0
MB,coal,mid,258.75
MD,coal,mid,720.0
ME,coal,mid,720.0
MI,coal,mid,720.0
MN,coal,mid,720.0
MO,coal,mid,649.5
MS,coal,mid,513.7
MT,coal,mid,115.7
NB,coal,mid,419.4
NC,coal,mid,909.5
ND,coal,mid,720.0
NE,coal,mid,493.0
NH,coal,mid,720.0
NJ,coal,mid,720.0
NL,coal,mid,258.75
NM,coal,mid,720.0
NS,coal,mid,135.0
NV,coal,mid,242.0
NY,coal,mid,720.0
OH,coal,mid,720.0
OK,coal,mid,720.0
ON,coal,mid,258.75
OR,coal,mid,720.0
PA,coal,mid,585.0
PE,coal,mid,258.75
QC,coal,mid,258.75
RI,coal,mid,720.0
SC,coal,mid,1243.0
SD,coal,mid,720.0
SK,coal,mid,248.4
TN,coal,mid,720.0
TX,coal,mid,1008.0
UT,coal,mid,720.0
VA,coal,mid,668.0
VT,coal,mid,720.0
WA,coal,mid,720.0
WI,coal,mid,998.8
WV,coal,mid,807.5
WY,coal,mid,105.5
AL,csp,high,257.5
AR,csp,high,257.5
AZ,csp,high,280.0
CA,csp,high,250.0
CO,csp,high,257.5
CT,csp,high,257.5
DE,csp,high,257.5
FL,csp,high,257.5
GA,csp,high,257.5
IA,csp,high,257.5
ID,csp,high,257.5
IL,csp,high,257.5
IN,csp,high,257.5
KS,csp,high,257.5
KY,csp,high,257.5
LA,csp,high,257.5
MA,csp,high,257.5
MD,csp,high,257.5
ME,csp,high,257.5
MI,csp,high,257.5
MN,csp,high,257.5
MO,csp,high,257.5
MS,csp,high,257.5
MT,csp,high,257.5
NC,csp,high,257.5
ND,csp,high,257.5
NE,csp,high,257.5
NH,csp,high,257.5
NJ,csp,high,257.5
NM,csp,high,257.5
NV,csp,high,112.675
NY,csp,high,257.5
OH,csp,high,257.5
OK,csp,high,257.5
OR,csp,high,257.5
PA,csp,high,257.5
RI,csp,high,257.5
SC,csp,high,257.5
SD,csp,high,257.5
TN,csp,high,257.5
TX,csp,high,257.5
UT,csp,high,257.5
VA,csp,high,257.5
VT,csp,high,257.5
WA,csp,high,257.5
WI,csp,high,257.5
WV,csp,high,257.5
WY,csp,high,257.5
AL,csp,low,125.75
AR,csp,low,125.75
AZ,csp,low,280.0
CA,csp,low,133.4
CO,csp,low,125.75
CT,csp,low,125.75
DE,csp,low,125.75
FL,csp,low,125.75
GA,csp,low,125.75
IA,csp,low,125.75
ID,csp,low,125.75
IL,csp,low,125.75
IN,csp,low,125.75
KS,csp,low,125.75
KY,csp,low,125.75
LA,csp,low,125.75
MA,csp,low,125.75
MD,csp,low,125.75
ME,csp,low,125.75
MI,csp,low,125.75
MN,csp,low,125.75
MO,csp,low,125.75
MS,csp,low,125.75
MT,csp,low,125.75
NC,csp,low,125.75
ND,csp,low,125.75
NE,csp,low,125.75
NH,csp,low,125.75
NJ,csp,low,125.75
NM,csp,low,125.75
NV,csp,low,88.025
NY,csp,low,125.75
OH,csp,low,125.75
OK,csp,low,125.75
OR,csp,low,125.75
PA,csp,low,125.75
RI,csp,low,125.75
SC,csp,low,125.75
SD,csp,low,125.75
TN,csp,low,125.75
TX,csp,low,125.75
UT,csp,low,125.75
VA,csp,low,125.75
VT,csp,low,125.75
WA,csp,low,125.75
WI,csp,low,125.75
WV,csp,low,125.75
WY,csp,low,125.75
AL,csp,mid,133.4
AR,csp,mid,133.4
AZ,csp,mid,280.0
CA,csp,mid,133.4
CO,csp,mid,133.4
CT,csp,mid,133.4
DE,csp,mid,133.4
FL,csp,mid,133.4
GA,csp,mid,133.4
IA,csp,mid,133.4
ID,csp,mid,133.4
IL,csp,mid,133.4
IN,csp,mid,133.4
KS,csp,mid,133.4
KY,csp,mid,133.4
LA,csp,mid,133.4
MA,csp,mid,133.4
MD,csp,mid,133.4
ME,csp,mid,133.4
MI,csp,mid,133.4
MN,csp,mid,133.4
MO,csp,mid,133.4
MS,csp,mid,133.4
MT,csp,mid,133.4
NC,csp,mid,133.4
ND,csp,mid,133.4
NE,csp,mid,133.4
NH,csp,mid,133.4
NJ,csp,mid,133.4
NM,csp,mid,133.4
NV,csp,mid,100.35
NY,csp,mid,133.4
OH,csp,mid,133.4
OK,csp,mid,133.4
OR,csp,mid,133.4
PA,csp,mid,133.4
RI,csp,mid,133.4
SC,csp,mid,133.4
SD,csp,mid,133.4
TN,csp,mid,133.4
TX,csp,mid,133.4
UT,csp,mid,133.4
VA,csp,mid,133.4
VT,csp,mid,133.4
WA,csp,mid,133.4
WI,csp,mid,133.4
WV,csp,mid,133.4
WY,csp,mid,133.4
AL,geothermal,high,32.0
AR,geothermal,high,32.0
AZ,geothermal,high,32.0
CA,geothermal,high,43.5
CO,geothermal,high,32.0
CT,geothermal,high,32.0
DE,geothermal,high,32.0
FL,geothermal,high,32.0
GA,geothermal,high,32.0
IA,geothermal,high,32.0
ID,geothermal,high,18.0
IL,geothermal,high,32.0
IN,geothermal,high,32.0
KS,geothermal,high,32.0
KY,geothermal,high,32.0
LA,geothermal,high,32.0
MA,geothermal,high,32.0
MD,geothermal,high,32.0
ME,geothermal,high,32.0
MI,geothermal,high,32.0
MN,geothermal,high,32.0
MO,geothermal,high,32.0
MS,geothermal,high,32.0
MT,geothermal,high,32.0
NC,geothermal,high,32.0
ND,geothermal,high,32.0
NE,geothermal,high,32.0
NH,geothermal,high,32.0
NJ,geothermal,high,32.0
NM,geothermal,high,19.2
NV,geothermal,high,32.0
NY,geothermal,high,32.0
OH,geothermal,high,32.0
OK,geothermal,high,32.0
OR,geothermal,high,25.675
PA,geothermal,high,32.0
RI,geothermal,high,32.0
SC,geothermal,high,32.0
SD,geothermal,high,32.0
TN,geothermal,high,32.0
TX,geothermal,high,32.0
UT,geothermal,high,19.55
VA,geothermal,high,32.0
VT,geothermal,high,32.0
WA,geothermal,high,32.0
WI,geothermal,high,32.0
WV,geothermal,high,32.0
WY,geothermal,high,32.0
AL,geothermal,low,15.525
AR,geothermal,low,15.525
AZ,geothermal,low,15.525
CA,geothermal,low,24.0
CO,geothermal,low,15.525
CT,geothermal,low,15.525
DE,geothermal,low,15.525
FL,geothermal,low,15.525
GA,geothermal,low,15.525
IA,geothermal,low,15.525
ID,geothermal,low,18.0
IL,geothermal,low,15.525
IN,geothermal,low,15.525
KS,geothermal,low,15.525
KY,geothermal,low,15.525
LA,geothermal,low,15.525
MA,geothermal,low,15.525
MD,geothermal,low,15.525
ME,geothermal,low,15.525
MI,geothermal,low,15.525
MN,geothermal,low,15.525
MO,geothermal,low,15.525
MS,geothermal,low,15.525
MT,geothermal,low,15.525
NC,geothermal,low,15.525
ND,geothermal,low,15.525
NE,geothermal,low,15.525
NH,geothermal,low,15.525
NJ,geothermal,low,15.525
NM,geothermal,low,19.2
NV,geothermal,low,21.5
NY,geothermal,low,15.525
OH,geothermal,low,15.525
OK,geothermal,low,15.525
OR,geothermal,low,11.025
PA,geothermal,low,15.525
RI,geothermal,low,15.525
SC,geothermal,low,15.525
SD,geothermal,low,15.525
TN,geothermal,low,15.525
TX,geothermal,low,15.525
UT,geothermal,low,14.05
VA,geothermal,low,15.525
VT,geothermal,low,15.525
WA,geothermal,low,15.525
WI,geothermal,low,15.525
WV,geothermal,low,15.525
WY,geothermal,low,15.525
AL,geothermal,mid,24.5
AR,geothermal,mid,24.5
AZ,geothermal,mid,24.5
CA,geothermal,mid,29.5
CO,geothermal,mid,24.5
CT,geothermal,mid,24.5
DE,geothermal,mid,24.5
FL,geothermal,mid,24.5
GA,geothermal,mid,24.5
IA,geothermal,mid,24.5
ID,geothermal,mid,18.0
IL,geothermal,mid,24.5
IN,geothermal,mid,24.5
KS,geothermal,mid,24.5
KY,geothermal,mid,24.5
LA,geothermal,mid,24.5
MA,geothermal,mid,24.5
MD,geothermal,mid,24.5
ME,geothermal,mid,24.5
MI,geothermal,mid,24.5
MN,geothermal,mid,24.5
MO,geothermal,mid,24.5
MS,geothermal,mid,24.5
MT,geothermal,mid,24.5
NC,geothermal,mid,24.5
ND,geothermal,mid,24.5
NE,geothermal,mid,24.5
NH,geothermal,mid,24.5
NJ,geothermal,mid,24.5
NM,geothermal,mid,19.2
NV,geothermal,mid,26.0
NY,geothermal,mid,24.5
OH,geothermal,mid,24.5
OK,geothermal,mid,24.5
OR,geothermal,mid,18.35
PA,geothermal,mid,24.5
RI,geothermal,mid,24.5
SC,geothermal,mid,24.5
SD,geothermal,mid,24.5
TN,geothermal,mid,24.5
TX,geothermal,mid,24.5
UT,geothermal,mid,14.1
VA,geothermal,mid,24.5
VT,geothermal,mid,24.5
WA,geothermal,mid,24.5
WI,geothermal,mid,24.5
WV,geothermal,mid,24.5
WY,geothermal,mid,24.5
AB,hydro,high,3.042
AL,hydro,high,18.6
AR,hydro,high,4.3
AZ,hydro,high,8.975
BC,hydro,high,1100.0
CA,hydro,high,18.3
CO,hydro,high,5.625
CT,hydro,high,8.975
DE,hydro,high,8.975
FL,hydro,high,43.5
GA,hydro,high,278.8
IA,hydro,high,8.975
ID,hydro,high,3.375
IL,hydro,high,6.15
IN,hydro,high,8.975
KS,hydro,high,4.6
KY,hydro,high,92.175
LA,hydro,high,8.975
MA,hydro,high,0.6
MB,hydro,high,695.0
MD,hydro,high,8.975
ME,hydro,high,2.925
MI,hydro,high,0.2
MN,hydro,high,7.324999999999998
MO,hydro,high,8.975
MS,hydro,high,8.975
MT,hydro,high,13.0
NB,hydro,high,15.663
NC,hydro,high,57.2
ND,hydro,high,8.975
NE,hydro,high,8.975
NH,hydro,high,8.975
NJ,hydro,high,8.975
NL,hydro,high,824.0
NM,hydro,high,3.0
NS,hydro,high,4.643
NV,hydro,high,8.975
NY,hydro,high,6.0
OH,hydro,high,1.9
OK,hydro,high,8.975
ON,hydro,high,500.0
OR,hydro,high,4.5
PA,hydro,high,102.6
PE,hydro,high,15.174
QC,hydro,high,640.0
RI,hydro,high,8.975
SC,hydro,high,1.1
SD,hydro,high,8.975
SK,hydro,high,35.242
TN,hydro,high,8.975
TX,hydro,high,26.7
UT,hydro,high,13.0
VA,hydro,high,2.2
VT,hydro,high,6.550000000000001
WA,hydro,high,14.25
WI,hydro,high,8.95
WV,hydro,high,71.0
WY,hydro,high,1.7
AB,hydro,low,1.628
AL,hydro,low,18.6
AR,hydro,low,3.9
AZ,hydro,low,2.025
BC,hydro,low,50.0
CA,hydro,low,3.65
CO,hydro,low,2.7
CT,hydro,low,2.025
DE,hydro,low,2.025
FL,hydro,low,43.5
GA,hydro,low,180.4
IA,hydro,low,2.025
ID,hydro,low,1.275
IL,hydro,low,2.45
IN,hydro,low,2.025
KS,hydro,low,4.6
KY,hydro,low,57.45000000000001
LA,hydro,low,2.025
MA,hydro,low,0.6
MB,hydro,low,99.0
MD,hydro,low,2.025
ME,hydro,low,1.65
MI,hydro,low,0.2
MN,hydro,low,2.774999999999999
MO,hydro,low,2.025
MS,hydro,low,2.025
MT,hydro,low,3.5
NB,hydro,low,8.384
NC,hydro,low,3.05
ND,hydro,low,2.025
NE,hydro,low,2.025
NH,hydro,low,2.025
NJ,hydro,low,2.025
NL,hydro,low,206.0
NM,hydro,low,3.0
NS,hydro,low,2.485
NV,hydro,low,2.025
NY,hydro,low,1.2
OH,hydro,low,1.9
OK,hydro,low,2.025
ON,hydro,low,90.0
OR,hydro,low,1.55
PA,hydro,low,38.2
PE,hydro,low,8.122
QC,hydro,low,245.0
RI,hydro,low,2.025
SC,hydro,low,1.1
SD,hydro,low,2.025
SK,hydro,low,18.865
TN,hydro,low,2.025
TX,hydro,low,26.7
UT,hydro,low,13.0
VA,hydro,low,2.2
VT,hydro,low,0.7250000000000001
WA,hydro,low,6.0
WI,hydro,low,8.45
WV,hydro,low,53.0
WY,hydro,low,1.7
AB,hydro,mid,2.175
AL,hydro,mid,18.6
AR,hydro,mid,4.3
AZ,hydro,mid,4.3
BC,hydro,mid,183.0
CA,hydro,mid,6.5
CO,hydro,mid,3.75
CT,hydro,mid,4.3
DE,hydro,mid,4.3
FL,hydro,mid,43.5
GA,hydro,mid,229.6
IA,hydro,mid,4.3
ID,hydro,mid,2.45
IL,hydro,mid,4.3
IN,hydro,mid,4.3
KS,hydro,mid,4.6
KY,hydro,mid,81.9
LA,hydro,mid,4.3
MA,hydro,mid,0.6
MB,hydro,mid,210.0
MD,hydro,mid,4.3
ME,hydro,mid,2.55
MI,hydro,mid,0.2
MN,hydro,mid,5.049999999999999
MO,hydro,mid,4.3
MS,hydro,mid,4.3
MT,hydro,mid,7.5
NB,hydro,mid,11.2
NC,hydro,mid,4.4
ND,hydro,mid,4.3
NE,hydro,mid,4.3
NH,hydro,mid,4.3
NJ,hydro,mid,4.3
NL,hydro,mid,412.0
NM,hydro,mid,3.0
NS,hydro,mid,3.32
NV,hydro,mid,4.3
NY,hydro,mid,2.5
OH,hydro,mid,1.9
OK,hydro,mid,4.3
ON,hydro,mid,150.0
OR,hydro,mid,2.8
PA,hydro,mid,70.4
PE,hydro,mid,10.85
QC,hydro,mid,387.5
RI,hydro,mid,4.3
SC,hydro,mid,1.1
SD,hydro,mid,4.3
SK,hydro,mid,25.2
TN,hydro,mid,4.3
TX,hydro,mid,26.7
UT,hydro,mid,13.0
VA,hydro,mid,2.2
VT,hydro,mid,1.6
WA,hydro,mid,7.15
WI,hydro,mid,8.7
WV,hydro,mid,62.0
WY,hydro,mid,1.7
AB,land-based wind,high,495.0
AL,land-based wind,high,161.0
AR,land-based wind,high,161.0
AZ,land-based wind,high,161.0
BC,land-based wind,high,179.0
CA,land-based wind,high,161.0
CO,land-based wind,high,161.0
CT,land-based wind,high,161.0
DE,land-based wind,high,161.0
FL,land-based wind,high,161.0
GA,land-based wind,high,161.0
IA,land-based wind,high,161.0
ID,land-based wind,high,161.0
IL,land-based wind,high,161.0
IN,land-based wind,high,161.0
KS,land-based wind,high,161.0
KY,land-based wind,high,161.0
LA,land-based wind,high,161.0
MA,land-based wind,high,161.0
MB,land-based wind,high,161.0
MD,land-based wind,high,161.0
ME,land-based wind,high,161.0
MI,land-based wind,high,161.0
MN,land-based wind,high,161.0
MO,land-based wind,high,161.0
MS,land-based wind,high,161.0
MT,land-based wind,high,161.0
NB,land-based wind,high,161.0
NC,land-based wind,high,161.0
ND,land-based wind,high,161.0
NE,land-based wind,high,161.0
NH,land-based wind,high,161.0
NJ,land-based wind,high,161.0
NL,land-based wind,high,161.0
NM,land-based wind,high,161.0
NS,land-based wind,high,161.0
NV,land-based wind,high,161.0
NY,land-based wind,high,161.0
OH,land-based wind,high,161.0
OK,land-based wind,high,161.0
ON,land-based wind,high,161.0
OR,land-based wind,high,161.0
PA,land-based wind,high,161.0
PE,land-based wind,high,161.0
QC,land-based wind,high,161.0
RI,land-based wind,high,161.0
SC,land-based wind,high,161.0
SD,land-based wind,high,161.0
SK,land-based wind,high,200.0
TN,land-based wind,high,161.0
TX,land-based wind,high,161.0
UT,land-based wind,high,161.0
VA,land-based wind,high,161.0
VT,land-based wind,high,161.0
WA,land-based wind,high,161.0
WI,land-based wind,high,161.0
WV,land-based wind,high,161.0
WY,land-based wind,high,161.0
AB,land-based wind,low,113.0
AL,land-based wind,low,16.8
AR,land-based wind,low,16.8
AZ,land-based wind,low,16.8
BC,land-based wind,low,142.0
CA,land-based wind,low,16.8
CO,land-based wind,low,16.8
CT,land-based wind,low,16.8
DE,land-based wind,low,16.8
FL,land-based wind,low,16.8
GA,land-based wind,low,16.8
IA,land-based wind,low,16.8
ID,land-based wind,low,16.8
IL,land-based wind,low,16.8
IN,land-based wind,low,16.8
KS,land-based wind,low,16.8
KY,land-based wind,low,16.8
LA,land-based wind,low,16.8
MA,land-based wind,low,16.8
MB,land-based wind,low,16.8
MD,land-based wind,low,16.8
ME,land-based wind,low,16.8
MI,land-based wind,low,16.8
MN,land-based wind,low,16.8
MO,land-based wind,low,16.8
MS,land-based wind,low,16.8
MT,land-based wind,low,16.8
NB,land-based wind,low,16.8
NC,land-based wind,low,16.8
ND,land-based wind,low,16.8
NE,land-based wind,low,16.8
NH,land-based wind,low,16.8
NJ,land-based wind,low,16.8
NL,land-based wind,low,16.8
NM,land-based wind,low,16.8
NS,land-based wind,low,16.8
NV,land-based wind,low,16.8
NY,land-based wind,low,16.8
OH,land-based wind,low,16.8
OK,land-based wind,low,16.8
ON,land-based wind,low,16.8
OR,land-based wind,low,16.8
PA,land-based wind,low,16.8
PE,land-based wind,low,16.8
QC,land-based wind,low,16.8
RI,land-based wind,low,16.8
SC,land-based wind,low,16.8
SD,land-based wind,low,16.8
SK,land-based wind,low,26.4
TN,land-based wind,low,16.8
TX,land-based wind,low,16.8
UT,land-based wind,low,16.8
VA,land-based wind,low,16.8
VT,land-based wind,low,16.8
WA,land-based wind,low,16.8
WI,land-based wind,low,16.8
WV,land-based wind,low,16.8
WY,land-based wind,low,16.8
AB,land-based wind,mid,248.8
AL,land-based wind,mid,84.0
AR,land-based wind,mid,84.0
AZ,land-based wind,mid,84.0
BC,land-based wind,mid,155.0
CA,land-based wind,mid,84.0
CO,land-based wind,mid,84.0
CT,land-based wind,mid,84.0
DE,land-based wind,mid,84.0
FL,land-based wind,mid,84.0
GA,land-based wind,mid,84.0
IA,land-based wind,mid,84.0
ID,land-based wind,mid,84.0
IL,land-based wind,mid,84.0
IN,land-based wind,mid,84.0
KS,land-based wind,mid,84.0
KY,land-based wind,mid,84.0
LA,land-based wind,mid,84.0
MA,land-based wind,mid,84.0
MB,land-based wind,mid,84.0
MD,land-based wind,mid,84.0
ME,land-based wind,mid,84.0
MI,land-based wind,mid,84.0
MN,land-based wind,mid,84.0
MO,land-based wind,mid,84.0
MS,land-based wind,mid,84.0
MT,land-based wind,mid,84.0
NB,land-based wind,mid,84.0
NC,land-based wind,mid,84.0
ND,land-based wind,mid,84.0
NE,land-based wind,mid,84.0
NH,land-based wind,mid,84.0
NJ,land-based wind,mid,84.0
NL,land-based wind,mid,84.0
NM,land-based wind,mid,84.0
NS,land-based wind,mid,84.0
NV,land-based wind,mid,84.0
NY,land-based wind,mid,84.0
OH,land-based wind,mid,84.0
OK,land-based wind,mid,84.0
ON,land-based wind,mid,84.0
OR,land-based wind,mid,84.0
PA,land-based wind,mid,84.0
PE,land-based wind,mid,84.0
QC,land-based wind,mid,84.0
RI,land-based wind,mid,84.0
SC,land-based wind,mid,84.0
SD,land-based wind,mid,84.0
SK,land-based wind,mid,150.0
TN,land-based wind,mid,84.0
TX,land-based wind,mid,84.0
UT,land-based wind,mid,84.0
VA,land-based wind,mid,84.0
VT,land-based wind,mid,84.0
WA,land-based wind,mid,84.0
WI,land-based wind,mid,84.0
WV,land-based wind,mid,84.0
WY,land-based wind,mid,84.0
AB,ng-cc,high,450.233
AL,ng-cc,high,939.4
AR,ng-cc,high,730.4
AZ,ng-cc,high,710.5
BC,ng-cc,high,58.755
CA,ng-cc,high,680.025
CO,ng-cc,high,589.95
CT,ng-cc,high,803.25
DE,ng-cc,high,494.0
FL,ng-cc,high,1312.15
GA,ng-cc,high,1307.8
IA,ng-cc,high,654.3499999999999
ID,ng-cc,high,314.25
IL,ng-cc,high,702.1
IN,ng-cc,high,746.0
KS,ng-cc,high,267.6
KY,ng-cc,high,1071.75
LA,ng-cc,high,1000.0
MA,ng-cc,high,816.7
MB,ng-cc,high,202.605
MD,ng-cc,high,972.1
ME,ng-cc,high,563.9
MI,ng-cc,high,634.45
MN,ng-cc,high,644.0
MO,ng-cc,high,508.75
MS,ng-cc,high,902.675
MT,ng-cc,high,912.0
NB,ng-cc,high,326.419
NC,ng-cc,high,814.5
ND,ng-cc,high,912.0
NE,ng-cc,high,222.625
NH,ng-cc,high,743.875
NJ,ng-cc,high,772.9
NL,ng-cc,high,202.605
NM,ng-cc,high,656.075
NS,ng-cc,high,55.154
NV,ng-cc,high,676.55
NY,ng-cc,high,800.7750000000001
OH,ng-cc,high,951.9
OK,ng-cc,high,1253.0
ON,ng-cc,high,202.605
OR,ng-cc,high,501.5
PA,ng-cc,high,1153.0
PE,ng-cc,high,202.605
QC,ng-cc,high,462.614
RI,ng-cc,high,596.0
SC,ng-cc,high,846.7
SD,ng-cc,high,324.0
SK,ng-cc,high,39.395
TN,ng-cc,high,1083.9
TX,ng-cc,high,976.8
UT,ng-cc,high,1017.0
VA,ng-cc,high,1472.2
VT,ng-cc,high,912.0
WA,ng-cc,high,697.8
WI,ng-cc,high,723.2
WV,ng-cc,high,912.0
WY,ng-cc,high,100.0
AB,ng-cc,low,282.546
AL,ng-cc,low,822.8
AR,ng-cc,low,417.75
AZ,ng-cc,low,619.0
BC,ng-cc,low,36.872
CA,ng-cc,low,162.25
CO,ng-cc,low,132.55
CT,ng-cc,low,576.7249999999999
DE,ng-cc,low,205.5
FL,ng-cc,low,550.65
GA,ng-cc,low,595.35
IA,ng-cc,low,589.55
ID,ng-cc,low,305.75
IL,ng-cc,low,611.2
IN,ng-cc,low,587.4499999999999
KS,ng-cc,low,267.6
KY,ng-cc,low,895.25
LA,ng-cc,low,624.0
MA,ng-cc,low,367.175
MB,ng-cc,low,127.146
MD,ng-cc,low,802.95
ME,ng-cc,low,563.9
MI,ng-cc,low,110.85
MN,ng-cc,low,334.5
MO,ng-cc,low,320.4
MS,ng-cc,low,613.7249999999999
MT,ng-cc,low,483.0
NB,ng-cc,low,204.846
NC,ng-cc,low,592.3499999999999
ND,ng-cc,low,483.0
NE,ng-cc,low,173.675
NH,ng-cc,low,651.625
NJ,ng-cc,low,609.5
NL,ng-cc,low,127.146
NM,ng-cc,low,232.0
NS,ng-cc,low,34.612
NV,ng-cc,low,579.55
NY,ng-cc,low,328.8
OH,ng-cc,low,687.45
OK,ng-cc,low,547.175
ON,ng-cc,low,127.146
OR,ng-cc,low,483.0
PA,ng-cc,low,651.6
PE,ng-cc,low,127.146
QC,ng-cc,low,290.316
RI,ng-cc,low,596.0
SC,ng-cc,low,520.0
SD,ng-cc,low,324.0
SK,ng-cc,low,24.723
TN,ng-cc,low,800.6500000000001
TX,ng-cc,low,539.225
UT,ng-cc,low,394.5
VA,ng-cc,low,712.5
VT,ng-cc,low,483.0
WA,ng-cc,low,318.3
WI,ng-cc,low,618.8
WV,ng-cc,low,483.0
WY,ng-cc,low,100.0
AB,ng-cc,mid,360.0
AL,ng-cc,mid,902.4
AR,ng-cc,mid,679.1
AZ,ng-cc,mid,691.6
BC,ng-cc,mid,46.98
CA,ng-cc,mid,575.0
CO,ng-cc,mid,200.0
CT,ng-cc,mid,635.5
DE,ng-cc,mid,361.0
FL,ng-cc,mid,990.4
GA,ng-cc,mid,1192.0
IA,ng-cc,mid,602.8
ID,ng-cc,mid,310.0
IL,ng-cc,mid,627.5
IN,ng-cc,mid,631.7
KS,ng-cc,mid,267.6
KY,ng-cc,mid,983.5
LA,ng-cc,mid,649.5
MA,ng-cc,mid,578.0
MB,ng-cc,mid,162.0
MD,ng-cc,mid,830.6
ME,ng-cc,mid,563.9
MI,ng-cc,mid,370.1
MN,ng-cc,mid,421.2
MO,ng-cc,mid,387.5
MS,ng-cc,mid,845.25
MT,ng-cc,mid,646.1
NB,ng-cc,mid,261.0
NC,ng-cc,mid,697.9000000000001
ND,ng-cc,mid,646.1
NE,ng-cc,mid,198.15
NH,ng-cc,mid,697.75
NJ,ng-cc,mid,735.0
NL,ng-cc,mid,162.0
NM,ng-cc,mid,468.5
NS,ng-cc,mid,44.1
NV,ng-cc,mid,623.2
NY,ng-cc,mid,622.5
OH,ng-cc,mid,785.9
OK,ng-cc,mid,752.1
ON,ng-cc,mid,162.0
OR,ng-cc,mid,500.0
PA,ng-cc,mid,870.0
PE,ng-cc,mid,162.0
QC,ng-cc,mid,369.9
RI,ng-cc,mid,596.0
SC,ng-cc,mid,668.5
SD,ng-cc,mid,324.0
SK,ng-cc,mid,31.5
TN,ng-cc,mid,996.9
TX,ng-cc,mid,732.0
UT,ng-cc,mid,649.0
VA,ng-cc,mid,1011.4
VT,ng-cc,mid,646.1
WA,ng-cc,mid,319.0
WI,ng-cc,mid,674.9000000000001
WV,ng-cc,mid,646.1
WY,ng-cc,mid,100.0
AB,ng-ct,high,138.722
AL,ng-ct,high,544.0
AR,ng-ct,high,154.8
AZ,ng-ct,high,396.5
BC,ng-ct,high,94.583
CA,ng-ct,high,60.5
CO,ng-ct,high,339.2
CT,ng-ct,high,8.35
DE,ng-ct,high,50.0
FL,ng-ct,high,632.0
GA,ng-ct,high,726.0
IA,ng-ct,high,106.575
ID,ng-ct,high,246.375
IL,ng-ct,high,586.0
IN,ng-ct,high,176.375
KS,ng-ct,high,102.75
KY,ng-ct,high,803.5
LA,ng-ct,high,261.7
MA,ng-ct,high,180.0
MB,ng-ct,high,72.514
MD,ng-ct,high,298.9
ME,ng-ct,high,186.8
MI,ng-ct,high,357.6
MN,ng-ct,high,226.325
MO,ng-ct,high,260.325
MS,ng-ct,high,278.45
MT,ng-ct,high,91.0
NB,ng-ct,high,126.584
NC,ng-ct,high,632.6500000000001
ND,ng-ct,high,295.4500000000001
NE,ng-ct,high,118.95
NH,ng-ct,high,213.6
NJ,ng-ct,high,102.4
NL,ng-ct,high,21.018
NM,ng-ct,high,138.725
NS,ng-ct,high,94.6
NV,ng-ct,high,564.55
NY,ng-ct,high,94.0
OH,ng-ct,high,571.5
OK,ng-ct,high,173.0
ON,ng-ct,high,500.0
OR,ng-ct,high,144.6
PA,ng-ct,high,67.275
PE,ng-ct,high,2.82
QC,ng-ct,high,434.768
RI,ng-ct,high,213.6
SC,ng-ct,high,394.0
SD,ng-ct,high,171.85
SK,ng-ct,high,125.323
TN,ng-ct,high,766.4
TX,ng-ct,high,248.9
UT,ng-ct,high,51.5
VA,ng-ct,high,549.075
VT,ng-ct,high,213.6
WA,ng-ct,high,71.19999999999999
WI,ng-ct,high,218.9
WV,ng-ct,high,436.2
WY,ng-ct,high,40.0
AB,ng-ct,low,39.859
AL,ng-ct,low,219.3
AR,ng-ct,low,66.0
AZ,ng-ct,low,69.4
BC,ng-ct,low,27.176
CA,ng-ct,low,1.25
CO,ng-ct,low,135.9
CT,ng-ct,low,1.85
DE,ng-ct,low,2.6
FL,ng-ct,low,171.25
GA,ng-ct,low,200.7
IA,ng-ct,low,5.15
ID,ng-ct,low,197.325
IL,ng-ct,low,48.0
IN,ng-ct,low,31.15
KS,ng-ct,low,6.550000000000001
KY,ng-ct,low,164.25
LA,ng-ct,low,100.8
MA,ng-ct,low,46.475
MB,ng-ct,low,20.835
MD,ng-ct,low,21.05
ME,ng-ct,low,186.8
MI,ng-ct,low,12.9
MN,ng-ct,low,31.0
MO,ng-ct,low,13.375
MS,ng-ct,low,66.3
MT,ng-ct,low,43.0
NB,ng-ct,low,36.371
NC,ng-ct,low,179.425
ND,ng-ct,low,101.65
NE,ng-ct,low,45.125
NH,ng-ct,low,8.0
NJ,ng-ct,low,2.8
NL,ng-ct,low,6.039
NM,ng-ct,low,33.525
NS,ng-ct,low,47.3
NV,ng-ct,low,244.85
NY,ng-ct,low,1.95
OH,ng-ct,low,52.75
OK,ng-ct,low,97.75
ON,ng-ct,low,200.0
OR,ng-ct,low,21.1
PA,ng-ct,low,17.75
PE,ng-ct,low,0.81
QC,ng-ct,low,124.921
RI,ng-ct,low,8.0
SC,ng-ct,low,3.5
SD,ng-ct,low,71.65
SK,ng-ct,low,36.009
TN,ng-ct,low,257.6
TX,ng-ct,low,100.0
UT,ng-ct,low,11.5
VA,ng-ct,low,341.025
VT,ng-ct,low,8.0
WA,ng-ct,low,15.9
WI,ng-ct,low,60.45
WV,ng-ct,low,348.7
WY,ng-ct,low,22.5
AB,ng-ct,mid,79.2
AL,ng-ct,mid,340.0
AR,ng-ct,mid,117.9
AZ,ng-ct,mid,121.0
BC,ng-ct,mid,54.0
CA,ng-ct,mid,5.2
CO,ng-ct,mid,228.0
CT,ng-ct,mid,3.1
DE,ng-ct,mid,25.0
FL,ng-ct,mid,294.8
GA,ng-ct,mid,495.0
IA,ng-ct,mid,43.9
ID,ng-ct,mid,221.85
IL,ng-ct,mid,312.8
IN,ng-ct,mid,87.05000000000001
KS,ng-ct,mid,27.6
KY,ng-ct,mid,616.0
LA,ng-ct,mid,185.35
MA,ng-ct,mid,118.0
MB,ng-ct,mid,41.4
MD,ng-ct,mid,84.2
ME,ng-ct,mid,186.8
MI,ng-ct,mid,60.5
MN,ng-ct,mid,49.45
MO,ng-ct,mid,119.4
MS,ng-ct,mid,141.0
MT,ng-ct,mid,54.90000000000001
NB,ng-ct,mid,72.27
NC,ng-ct,mid,343.8
ND,ng-ct,mid,199.6500000000001
NE,ng-ct,mid,77.95
NH,ng-ct,mid,61.5
NJ,ng-ct,mid,7.5
NL,ng-ct,mid,12.0
NM,ng-ct,mid,67.25
NS,ng-ct,mid,71.0
NV,ng-ct,mid,404.7
NY,ng-ct,mid,47.0
OH,ng-ct,mid,390.5
OK,ng-ct,mid,128.5
ON,ng-ct,mid,400.0
OR,ng-ct,mid,71.05
PA,ng-ct,mid,22.0
PE,ng-ct,mid,1.61
QC,ng-ct,mid,248.22
RI,ng-ct,mid,61.5
SC,ng-ct,mid,55.3
SD,ng-ct,mid,124.25
SK,ng-ct,mid,71.55
TN,ng-ct,mid,512.0
TX,ng-ct,mid,171.5
UT,ng-ct,mid,16.2
VA,ng-ct,mid,511.2
VT,ng-ct,mid,61.5
WA,ng-ct,mid,24.6
WI,ng-ct,mid,71.0
WV,ng-ct,mid,353.4
WY,ng-ct,mid,22.5
AB,offshore wind,high,30.0
AL,offshore wind,high,30.0
AR,offshore wind,high,30.0
AZ,offshore wind,high,30.0
BC,offshore wind,high,30.0
CA,offshore wind,high,30.0
CO,offshore wind,high,30.0
CT,offshore wind,high,30.0
DE,offshore wind,high,30.0
FL,offshore wind,high,30.0
GA,offshore wind,high,30.0
IA,offshore wind,high,30.0
ID,offshore wind,high,30.0
IL,offshore wind,high,30.0
IN,offshore wind,high,30.0
KS,offshore wind,high,30.0
KY,offshore wind,high,30.0
LA,offshore wind,high,30.0
MA,offshore wind,high,30.0
MB,offshore wind,high,30.0
MD,offshore wind,high,30.0
ME,offshore wind,high,30.0
MI,offshore wind,high,30.0
MN,offshore wind,high,30.0
MO,offshore wind,high,30.0
MS,offshore wind,high,30.0
MT,offshore wind,high,30.0
NB,offshore wind,high,30.0
NC,offshore wind,high,30.0
ND,offshore wind,high,30.0
NE,offshore wind,high,30.0
NH,offshore wind,high,30.0
NJ,offshore wind,high,30.0
NL,offshore wind,high,30.0
NM,offshore wind,high,30.0
NS,offshore wind,high,30.0
NV,offshore wind,high,30.0
NY,offshore wind,high,30.0
OH,offshore wind,high,30.0
OK,offshore wind,high,30.0
ON,offshore wind,high,30.0
OR,offshore wind,high,30.0
PA,offshore wind,high,30.0
PE,offshore wind,high,30.0
QC,offshore wind,high,30.0
RI,offshore wind,high,30.0
SC,offshore wind,high,30.0
SD,offshore wind,high,30.0
SK,offshore wind,high,30.0
TN,offshore wind,high,30.0
TX,offshore wind,high,30.0
UT,offshore wind,high,30.0
VA,offshore wind,high,30.0
VT,offshore wind,high,30.0
WA,offshore wind,high,30.0
WI,offshore wind,high,30.0
WV,offshore wind,high,30.0
WY,offshore wind,high,30.0
AB,offshore wind,low,30.0
AL,offshore wind,low,30.0
AR,offshore wind,low,30.0
AZ,offshore wind,low,30.0
BC,offshore wind,low,30.0
CA,offshore wind,low,30.0
CO,offshore wind,low,30.0
CT,offshore wind,low,30.0
DE,offshore wind,low,30.0
FL,offshore wind,low,30.0
GA,offshore wind,low,30.0
IA,offshore wind,low,30.0
ID,offshore wind,low,30.0
IL,offshore wind,low,30.0
IN,offshore wind,low,30.0
KS,offshore wind,low,30.0
KY,offshore wind,low,30.0
LA,offshore wind,low,30.0
MA,offshore wind,low,30.0
MB,offshore wind,low,30.0
MD,offshore wind,low,30.0
ME,offshore wind,low,30.0
MI,offshore wind,low,30.0
MN,offshore wind,low,30.0
MO,offshore wind,low,30.0
MS,offshore wind,low,30.0
MT,offshore wind,low,30.0
NB,offshore wind,low,30.0
NC,offshore wind,low,30.0
ND,offshore wind,low,30.0
NE,offshore wind,low,30.0
NH,offshore wind,low,30.0
NJ,offshore wind,low,30.0
NL,offshore wind,low,30.0
NM,offshore wind,low,30.0
NS,offshore wind,low,30.0
NV,offshore wind,low,30.0
NY,offshore wind,low,30.0
OH,offshore wind,low,30.0
OK,offshore wind,low,30.0
ON,offshore wind,low,30.0
OR,offshore wind,low,30.0
PA,offshore wind,low,30.0
PE,offshore wind,low,30.0
QC,offshore wind,low,30.0
RI,offshore wind,low,30.0
SC,offshore wind,low,30.0
SD,offshore wind,low,30.0
SK,offshore wind,low,30.0
TN,offshore wind,low,30.0
TX,offshore wind,low,30.0
UT,offshore wind,low,30.0
VA,offshore wind,low,30.0
VT,offshore wind,low,30.0
WA,offshore wind,low,30.0
WI,offshore wind,low,30.0
WV,offshore wind,low,30.0
WY,offshore wind,low,30.0
AB,offshore wind,mid,30.0
AL,offshore wind,mid,30.0
AR,offshore wind,mid,30.0
AZ,offshore wind,mid,30.0
BC,offshore wind,mid,30.0
CA,offshore wind,mid,30.0
CO,offshore wind,mid,30.0
CT,offshore wind,mid,30.0
DE,offshore wind,mid,30.0
FL,offshore wind,mid,30.0
GA,offshore wind,mid,30.0
IA,offshore wind,mid,30.0
ID,offshore wind,mid,30.0
IL,offshore wind,mid,30.0
IN,offshore wind,mid,30.0
KS,offshore wind,mid,30.0
KY,offshore wind,mid,30.0
LA,offshore wind,mid,30.0
MA,offshore wind,mid,30.0
MB,offshore wind,mid,30.0
MD,offshore wind,mid,30.0
ME,offshore wind,mid,30.0
MI,offshore wind,mid,30.0
MN,offshore wind,mid,30.0
MO,offshore wind,mid,30.0
MS,offshore wind,mid,30.0
MT,offshore wind,mid,30.0
NB,offshore wind,mid,30.0
NC,offshore wind,mid,30.0
ND,offshore wind,mid,30.0
NE,offshore wind,mid,30.0
NH,offshore wind,mid,30.0
NJ,offshore wind,mid,30.0
NL,offshore wind,mid,30.0
NM,offshore wind,mid,30.0
NS,offshore wind,mid,30.0
NV,offshore wind,mid,30.0
NY,offshore wind,mid,30.0
OH,offshore wind,mid,30.0
OK,offshore wind,mid,30.0
ON,offshore wind,mid,30.0
OR,offshore wind,mid,30.0
PA,offshore wind,mid,30.0
PE,offshore wind,mid,30.0
QC,offshore wind,mid,30.0
RI,offshore wind,mid,30.0
SC,offshore wind,mid,30.0
SD,offshore wind,mid,30.0
SK,offshore wind,mid,30.0
TN,offshore wind,mid,30.0
TX,offshore wind,mid,30.0
UT,offshore wind,mid,30.0
VA,offshore wind,mid,30.0
VT,offshore wind,mid,30.0
WA,offshore wind,mid,30.0
WI,offshore wind,mid,30.0
WV,offshore wind,mid,30.0
WY,offshore wind,mid,30.0
AB,pumped storage,high,8.975
AL,pumped storage,high,8.975
AR,pumped storage,high,8.975
AZ,pumped storage,high,8.975
BC,pumped storage,high,8.975
CA,pumped storage,high,8.975
CO,pumped storage,high,8.975
CT,pumped storage,high,8.975
DE,pumped storage,high,8.975
FL,pumped storage,high,8.975
GA,pumped storage,high,8.975
IA,pumped storage,high,8.975
ID,pumped storage,high,8.975
IL,pumped storage,high,8.975
IN,pumped storage,high,8.975
KS,pumped storage,high,8.975
KY,pumped storage,high,8.975
LA,pumped storage,high,8.975
MA,pumped storage,high,8.975
MB,pumped storage,high,8.975
MD,pumped storage,high,8.975
ME,pumped storage,high,8.975
MI,pumped storage,high,8.975
MN,pumped storage,high,8.975
MO,pumped storage,high,8.975
MS,pumped storage,high,8.975
MT,pumped storage,high,8.975
NB,pumped storage,high,8.975
NC,pumped storage,high,8.975
ND,pumped storage,high,8.975
NE,pumped storage,high,8.975
NH,pumped storage,high,8.975
NJ,pumped storage,high,8.975
NL,pumped storage,high,8.975
NM,pumped storage,high,8.975
NS,pumped storage,high,8.975
NV,pumped storage,high,8.975
NY,pumped storage,high,8.975
OH,pumped storage,high,8.975
OK,pumped storage,high,8.975
ON,pumped storage,high,8.975
OR,pumped storage,high,8.975
PA,pumped storage,high,8.975
PE,pumped storage,high,8.975
QC,pumped storage,high,8.975
RI,pumped storage,high,8.975
SC,pumped storage,high,8.975
SD,pumped storage,high,8.975
SK,pumped storage,high,8.975
TN,pumped storage,high,8.975
TX,pumped storage,high,8.975
UT,pumped storage,high,8.975
VA,pumped storage,high,8.975
VT,pumped storage,high,8.975
WA,pumped storage,high,8.975
WI,pumped storage,high,8.975
WV,pumped storage,high,8.975
WY,pumped storage,high,8.975
AB,pumped storage,low,2.025
AL,pumped storage,low,2.025
AR,pumped storage,low,2.025
AZ,pumped storage,low,2.025
BC,pumped storage,low,2.025
CA,pumped storage,low,2.025
CO,pumped storage,low,2.025
CT,pumped storage,low,2.025
DE,pumped storage,low,2.025
FL,pumped storage,low,2.025
GA,pumped storage,low,2.025
IA,pumped storage,low,2.025
ID,pumped storage,low,2.025
IL,pumped storage,low,2.025
IN,pumped storage,low,2.025
KS,pumped storage,low,2.025
KY,pumped storage,low,2.025
LA,pumped storage,low,2.025
MA,pumped storage,low,2.025
MB,pumped storage,low,2.025
MD,pumped storage,low,2.025
ME,pumped storage,low,2.025
MI,pumped storage,low,2.025
MN,pumped storage,low,2.025
MO,pumped storage,low,2.025
MS,pumped storage,low,2.025
MT,pumped storage,low,2.025
NB,pumped storage,low,2.025
NC,pumped storage,low,2.025
ND,pumped storage,low,2.025
NE,pumped storage,low,2.025
NH,pumped storage,low,2.025
NJ,pumped storage,low,2.025
NL,pumped storage,low,2.025
NM,pumped storage,low,2.025
NS,pumped storage,low,2.025
NV,pumped storage,low,2.025
NY,pumped storage,low,2.025
OH,pumped storage,low,2.025
OK,pumped storage,low,2.025
ON,pumped storage,low,2.025
OR,pumped storage,low,2.025
PA,pumped storage,low,2.025
PE,pumped storage,low,2.025
QC,pumped storage,low,2.025
RI,pumped storage,low,2.025
SC,pumped storage,low,2.025
SD,pumped storage,low,2.025
SK,pumped storage,low,2.025
TN,pumped storage,low,2.025
TX,pumped storage,low,2.025
UT,pumped storage,low,2.025
VA,pumped storage,low,2.025
VT,pumped storage,low,2.025
WA,pumped storage,low,2.025
WI,pumped storage,low,2.025
WV,pumped storage,low,2.025
WY,pumped storage,low,2.025
AB,pumped storage,mid,4.3
AL,pumped storage,mid,4.3
AR,pumped storage,mid,4.3
AZ,pumped storage,mid,4.3
BC,pumped storage,mid,4.3
CA,pumped storage,mid,4.3
CO,pumped storage,mid,4.3
CT,pumped storage,mid,4.3
DE,pumped storage,mid,4.3
FL,pumped storage,mid,4.3
GA,pumped storage,mid,4.3
IA,pumped storage,mid,4.3
ID,pumped storage,mid,4.3
IL,pumped storage,mid,4.3
IN,pumped storage,mid,4.3
KS,pumped storage,mid,4.3
KY,pumped storage,mid,4.3
LA,pumped storage,mid,4.3
MA,pumped storage,mid,4.3
MB,pumped storage,mid,4.3
MD,pumped storage,mid,4.3
ME,pumped storage,mid,4.3
MI,pumped storage,mid,4.3
MN,pumped storage,mid,4.3
MO,pumped storage,mid,4.3
MS,pumped storage,mid,4.3
MT,pumped storage,mid,4.3
NB,pumped storage,mid,4.3
NC,pumped storage,mid,4.3
ND,pumped storage,mid,4.3
NE,pumped storage,mid,4.3
NH,pumped storage,mid,4.3
NJ,pumped storage,mid,4.3
NL,pumped storage,mid,4.3
NM,pumped storage,mid,4.3
NS,pumped storage,mid,4.3
NV,pumped storage,mid,4.3
NY,pumped storage,mid,4.3
OH,pumped storage,mid,4.3
OK,pumped storage,mid,4.3
ON,pumped storage,mid,4.3
OR,pumped storage,mid,4.3
PA,pumped storage,mid,4.3
PE,pumped storage,mid,4.3
QC,pumped storage,mid,4.3
RI,pumped storage,mid,4.3
SC,pumped storage,mid,4.3
SD,pumped storage,mid,4.3
SK,pumped storage,mid,4.3
TN,pumped storage,mid,4.3
TX,pumped storage,mid,4.3
UT,pumped storage,mid,4.3
VA,pumped storage,mid,4.3
VT,pumped storage,mid,4.3
WA,pumped storage,mid,4.3
WI,pumped storage,mid,4.3
WV,pumped storage,mid,4.3
WY,pumped storage,mid,4.3
AB,rooftop pv,high,5200.0
AL,rooftop pv,high,5200.0
AR,rooftop pv,high,5200.0
AZ,rooftop pv,high,5200.0
BC,rooftop pv,high,5200.0
CA,rooftop pv,high,5200.0
CO,rooftop pv,high,5200.0
CT,rooftop pv,high,5200.0
DE,rooftop pv,high,5200.0
FL,rooftop pv,high,5200.0
GA,rooftop pv,high,5200.0
IA,rooftop pv,high,5200.0
ID,rooftop pv,high,5200.0
IL,rooftop pv,high,5200.0
IN,rooftop pv,high,5200.0
KS,rooftop pv,high,5200.0
KY,rooftop pv,high,5200.0
LA,rooftop pv,high,5200.0
MA,rooftop pv,high,5200.0
MB,rooftop pv,high,5200.0
MD,rooftop pv,high,5200.0
ME,rooftop pv,high,5200.0
MI,rooftop pv,high,5200.0
MN,rooftop pv,high,5200.0
MO,rooftop pv,high,5200.0
MS,rooftop pv,high,5200.0
MT,rooftop pv,high,5200.0
NB,rooftop pv,high,5200.0
NC,rooftop pv,high,5200.0
ND,rooftop pv,high,5200.0
NE,rooftop pv,high,5200.0
NH,rooftop pv,high,5200.0
NJ,rooftop pv,high,5200.0
NL,rooftop pv,high,5200.0
NM,rooftop pv,high,5200.0
NS,rooftop pv,high,5200.0
NV,rooftop pv,high,5200.0
NY,rooftop pv,high,5200.0
OH,rooftop pv,high,5200.0
OK,rooftop pv,high,5200.0
ON,rooftop pv,high,5200.0
OR,rooftop pv,high,5200.0
PA,rooftop pv,high,5200.0
PE,rooftop pv,high,5200.0
QC,rooftop pv,high,5200.0
RI,rooftop pv,high,5200.0
SC,rooftop pv,high,5200.0
SD,rooftop pv,high,5200.0
SK,rooftop pv,high,5200.0
TN,rooftop pv,high,5200.0
TX,rooftop pv,high,5200.0
UT,rooftop pv,high,5200.0
VA,rooftop pv,high,5200.0
VT,rooftop pv,high,5200.0
WA,rooftop pv,high,5200.0
WI,rooftop pv,high,5200.0
WV,rooftop pv,high,5200.0
WY,rooftop pv,high,5200.0
AB,rooftop pv,low,1700.0
AL,rooftop pv,low,1700.0
AR,rooftop pv,low,1700.0
AZ,rooftop pv,low,1700.0
BC,rooftop pv,low,1700.0
CA,rooftop pv,low,1700.0
CO,rooftop pv,low,1700.0
CT,rooftop pv,low,1700.0
DE,rooftop pv,low,1700.0
FL,rooftop pv,low,1700.0
GA,rooftop pv,low,1700.0
IA,rooftop pv,low,1700.0
ID,rooftop pv,low,1700.0
IL,rooftop pv,low,1700.0
IN,rooftop pv,low,1700.0
KS,rooftop pv,low,1700.0
KY,rooftop pv,low,1700.0
LA,rooftop pv,low,1700.0
MA,rooftop pv,low,1700.0
MB,rooftop pv,low,1700.0
MD,rooftop pv,low,1700.0
ME,rooftop pv,low,1700.0
MI,rooftop pv,low,1700.0
MN,rooftop pv,low,1700.0
MO,rooftop pv,low,1700.0
MS,rooftop pv,low,1700.0
MT,rooftop pv,low,1700.0
NB,rooftop pv,low,1700.0
NC,rooftop pv,low,1700.0
ND,rooftop pv,low,1700.0
NE,rooftop pv,low,1700.0
NH,rooftop pv,low,1700.0
NJ,rooftop pv,low,1700.0
NL,rooftop pv,low,1700.0
NM,rooftop pv,low,1700.0
NS,rooftop pv,low,1700.0
NV,rooftop pv,low,1700.0
NY,rooftop pv,low,1700.0
OH,rooftop pv,low,1700.0
OK,rooftop pv,low,1700.0
ON,rooftop pv,low,1700.0
OR,rooftop pv,low,1700.0
PA,rooftop pv,low,1700.0
PE,rooftop pv,low,1700.0
QC,rooftop pv,low,1700.0
RI,rooftop pv,low,1700.0
SC,rooftop pv,low,1700.0
SD,rooftop pv,low,1700.0
SK,rooftop pv,low,1700.0
TN,rooftop pv,low,1700.0
TX,rooftop pv,low,1700.0
UT,rooftop pv,low,1700.0
VA,rooftop pv,low,1700.0
VT,rooftop pv,low,1700.0
WA,rooftop pv,low,1700.0
WI,rooftop pv,low,1700.0
WV,rooftop pv,low,1700.0
WY,rooftop pv,low,1700.0
AB,rooftop pv,mid,3000.0
AL,rooftop pv,mid,3000.0
AR,rooftop pv,mid,3000.0
AZ,rooftop pv,mid,3000.0
BC,rooftop pv,mid,3000.0
CA,rooftop pv,mid,3000.0
CO,rooftop pv,mid,3000.0
CT,rooftop pv,mid,3000.0
DE,rooftop pv,mid,3000.0
FL,rooftop pv,mid,3000.0
GA,rooftop pv,mid,3000.0
IA,rooftop pv,mid,3000.0
ID,rooftop pv,mid,3000.0
IL,rooftop pv,mid,3000.0
IN,rooftop pv,mid,3000.0
KS,rooftop pv,mid,3000.0
KY,rooftop pv,mid,3000.0
LA,rooftop pv,mid,3000.0
MA,rooftop pv,mid,3000.0
MB,rooftop pv,mid,3000.0
MD,rooftop pv,mid,3000.0
ME,rooftop pv,mid,3000.0
MI,rooftop pv,mid,3000.0
MN,rooftop pv,mid,3000.0
MO,rooftop pv,mid,3000.0
MS,rooftop pv,mid,3000.0
MT,rooftop pv,mid,3000.0
NB,rooftop pv,mid,3000.0
NC,rooftop pv,mid,3000.0
ND,rooftop pv,mid,3000.0
NE,rooftop pv,mid,3000.0
NH,rooftop pv,mid,3000.0
NJ,rooftop pv,mid,3000.0
NL,rooftop pv,mid,3000.0
NM,rooftop pv,mid,3000.0
NS,rooftop pv,mid,3000.0
NV,rooftop pv,mid,3000.0
NY,rooftop pv,mid,3000.0
OH,rooftop pv,mid,3000.0
OK,rooftop pv,mid,3000.0
ON,rooftop pv,mid,3000.0
OR,rooftop pv,mid,3000.0
PA,rooftop pv,mid,3000.0
PE,rooftop pv,mid,3000.0
QC,rooftop pv,mid,3000.0
RI,rooftop pv,mid,3000.0
SC,rooftop pv,mid,3000.0
SD,rooftop pv,mid,3000.0
SK,rooftop pv,mid,3000.0
TN,rooftop pv,mid,3000.0
TX,rooftop pv,mid,3000.0
UT,rooftop pv,mid,3000.0
VA,rooftop pv,mid,3000.0
VT,rooftop pv,mid,3000.0
WA,rooftop pv,mid,3000.0
WI,rooftop pv,mid,3000.0
WV,rooftop pv,mid,3000.0
WY,rooftop pv,mid,3000.0
AB,utility pv,high,5200.0
AL,utility pv,high,5200.0
AR,utility pv,high,5200.0
AZ,utility pv,high,5200.0
BC,utility pv,high,5200.0
CA,utility pv,high,5200.0
CO,utility pv,high,5200.0
CT,utility pv,high,5200.0
DE,utility pv,high,5200.0
FL,utility pv,high,5200.0
GA,utility pv,high,5200.0
IA,utility pv,high,5200.0
ID,utility pv,high,5200.0
IL,utility pv,high,5200.0
IN,utility pv,high,5200.0
KS,utility pv,high,5200.0
KY,utility pv,high,5200.0
LA,utility pv,high,5200.0
MA,utility pv,high,5200.0
MB,utility pv,high,5200.0
MD,utility pv,high,5200.0
ME,utility pv,high,5200.0
MI,utility pv,high,5200.0
MN,utility pv,high,5200.0
MO,utility pv,high,5200.0
MS,utility pv,high,5200.0
MT,utility pv,high,5200.0
NB,utility pv,high,5200.0
NC,utility pv,high,5200.0
ND,utility pv,high,5200.0
NE,utility pv,high,5200.0
NH,utility pv,high,5200.0
NJ,utility pv,high,5200.0
NL,utility pv,high,5200.0
NM,utility pv,high,5200.0
NS,utility pv,high,5200.0
NV,utility pv,high,5200.0
NY,utility pv,high,5200.0
OH,utility pv,high,5200.0
OK,utility pv,high,5200.0
ON,utility pv,high,5200.0
OR,utility pv,high,5200.0
PA,utility pv,high,5200.0
PE,utility pv,high,5200.0
QC,utility pv,high,5200.0
RI,utility pv,high,5200.0
SC,utility pv,high,5200.0
SD,utility pv,high,5200.0
SK,utility pv,high,5200.0
TN,utility pv,high,5200.0
TX,utility pv,high,5200.0
UT,utility pv,high,5200.0
VA,utility pv,high,5200.0
VT,utility pv,high,5200.0
WA,utility pv,high,5200.0
WI,utility pv,high,5200.0
WV,utility pv,high,5200.0
WY,utility pv,high,5200.0
AB,utility pv,low,1700.0
AL,utility pv,low,1700.0
AR,utility pv,low,1700.0
AZ,utility pv,low,1700.0
BC,utility pv,low,1700.0
CA,utility pv,low,1700.0
CO,utility pv,low,1700.0
CT,utility pv,low,1700.0
DE,utility pv,low,1700.0
FL,utility pv,low,1700.0
GA,utility pv,low,1700.0
IA,utility pv,low,1700.0
ID,utility pv,low,1700.0
IL,utility pv,low,1700.0
IN,utility pv,low,1700.0
KS,utility pv,low,1700.0
KY,utility pv,low,1700.0
LA,utility pv,low,1700.0
MA,utility pv,low,1700.0
MB,utility pv,low,1700.0
MD,utility pv,low,1700.0
ME,utility pv,low,1700.0
MI,utility pv,low,1700.0
MN,utility pv,low,1700.0
MO,utility pv,low,1700.0
MS,utility pv,low,1700.0
MT,utility pv,low,1700.0
NB,utility pv,low,1700.0
NC,utility pv,low,1700.0
ND,utility pv,low,1700.0
NE,utility pv,low,1700.0
NH,utility pv,low,1700.0
NJ,utility pv,low,1700.0
NL,utility pv,low,1700.0
NM,utility pv,low,1700.0
NS,utility pv,low,1700.0
NV,utility pv,low,1700.0
NY,utility pv,low,1700.0
OH,utility pv,low,1700.0
OK,utility pv,low,1700.0
ON,utility pv,low,1700.0
OR,utility pv,low,1700.0
PA,utility pv,low,1700.0
PE,utility pv,low,1700.0
QC,utility pv,low,1700.0
RI,utility pv,low,1700.0
SC,utility pv,low,1700.0
SD,utility pv,low,1700.0
SK,utility pv,low,1700.0
TN,utility pv,low,1700.0
TX,utility pv,low,1700.0
UT,utility pv,low,1700.0
VA,utility pv,low,1700.0
VT,utility pv,low,1700.0
WA,utility pv,low,1700.0
WI,utility pv,low,1700.0
WV,utility pv,low,1700.0
WY,utility pv,low,1700.0
AB,utility pv,mid,3000.0
AL,utility pv,mid,3000.0
AR,utility pv,mid,3000.0
AZ,utility pv,mid,3000.0
BC,utility pv,mid,3000.0
CA,utility pv,mid,3000.0
CO,utility pv,mid,3000.0
CT,utility pv,mid,3000.0
DE,utility pv,mid,3000.0
FL,utility pv,mid,3000.0
GA,utility pv,mid,3000.0
IA,utility pv,mid,3000.0
ID,utility pv,mid,3000.0
IL,utility pv,mid,3000.0
IN,utility pv,mid,3000.0
KS,utility pv,mid,3000.0
KY,utility pv,mid,3000.0
LA,utility pv,mid,3000.0
MA,utility pv,mid,3000.0
MB,utility pv,mid,3000.0
MD,utility pv,mid,3000.0
ME,utility pv,mid,3000.0
MI,utility pv,mid,3000.0
MN,utility pv,mid,3000.0
MO,utility pv,mid,3000.0
MS,utility pv,mid,3000.0
MT,utility pv,mid,3000.0
NB,utility pv,mid,3000.0
NC,utility pv,mid,3000.0
ND,utility pv,mid,3000.0
NE,utility pv,mid,3000.0
NH,utility pv,mid,3000.0
NJ,utility pv,mid,3000.0
NL,utility pv,mid,3000.0
NM,utility pv,mid,3000.0
NS,utility pv,mid,3000.0
NV,utility pv,mid,3000.0
NY,utility pv,mid,3000.0
OH,utility pv,mid,3000.0
OK,utility pv,mid,3000.0
ON,utility pv,mid,3000.0
OR,utility pv,mid,3000.0
PA,utility pv,mid,3000.0
PE,utility pv,mid,3000.0
QC,utility pv,mid,3000.0
RI,utility pv,mid,3000.0
SC,utility pv,mid,3000.0
SD,utility pv,mid,3000.0
SK,utility pv,mid,3000.0
TN,utility pv,mid,3000.0
TX,utility pv,mid,3000.0
UT,utility pv,mid,3000.0
VA,utility pv,mid,3000.0
VT,utility pv,mid,3000.0
WA,utility pv,mid,3000.0
WI,utility pv,mid,3000.0
WV,utility pv,mid,3000.0
WY,utility pv,mid,3000.0
